wall_time,event,object_id,class,grid,destination,status,message
2026-09-08 01:15:15,motion_command,object_blue_1,blue,r2c1,blue_sort_bin,,"pose=pick_above,gripper=0.120"
2026-09-08 01:15:16,motion_command,object_blue_1,blue,r2c1,blue_sort_bin,,"pose=pick_down,gripper=0.120"
2026-09-08 01:15:17,motion_command,object_blue_1,blue,r2c1,blue_sort_bin,,"pose=pick_down,gripper=-0.550"
2026-09-08 01:15:19,grasp_attached,object_blue_1,blue,r2c1,blue_sort_bin,passed,selected object attached to gripper pose
2026-09-08 01:15:19,motion_command,object_blue_1,blue,r2c1,blue_sort_bin,,"pose=lift,gripper=-0.550"
2026-09-08 01:15:20,motion_command,object_blue_1,blue,r2c1,blue_sort_bin,,"pose=place_above,gripper=-0.550"
2026-09-08 01:15:21,motion_command,object_blue_1,blue,r2c1,blue_sort_bin,,"pose=place_down,gripper=-0.550"
2026-09-08 01:15:22,release,object_blue_1,blue,r2c1,blue_sort_bin,passed,"destination=(0.46, -0.16, 0.105)"
2026-09-08 01:15:22,motion_command,object_blue_1,blue,r2c1,blue_sort_bin,,"pose=lift_clear,gripper=0.120"
2026-09-08 01:15:24,object_complete,object_blue_1,blue,r2c1,blue_sort_bin,passed,pick-place sequence complete
2026-09-08 01:15:24,motion_command,object_blue_2,blue,r3c2,blue_sort_bin,,"pose=pick_above,gripper=0.120"
2026-09-08 01:15:25,motion_command,object_blue_2,blue,r3c2,blue_sort_bin,,"pose=pick_down,gripper=0.120"
2026-09-08 01:15:26,motion_command,object_blue_2,blue,r3c2,blue_sort_bin,,"pose=pick_down,gripper=-0.550"
2026-09-08 01:15:27,grasp_attached,object_blue_2,blue,r3c2,blue_sort_bin,passed,selected object attached to gripper pose
2026-09-08 01:15:27,motion_command,object_blue_2,blue,r3c2,blue_sort_bin,,"pose=lift,gripper=-0.550"
2026-09-08 01:15:29,motion_command,object_blue_2,blue,r3c2,blue_sort_bin,,"pose=place_above,gripper=-0.550"
2026-09-08 01:15:30,motion_command,object_blue_2,blue,r3c2,blue_sort_bin,,"pose=place_down,gripper=-0.550"
2026-09-08 01:15:31,release,object_blue_2,blue,r3c2,blue_sort_bin,passed,"destination=(0.46, -0.16, 0.105)"
2026-09-08 01:15:31,motion_command,object_blue_2,blue,r3c2,blue_sort_bin,,"pose=lift_clear,gripper=0.120"
2026-09-08 01:15:32,object_complete,object_blue_2,blue,r3c2,blue_sort_bin,passed,pick-place sequence complete
2026-09-08 01:15:33,motion_command,object_blue_3,blue,r1c2,blue_sort_bin,,"pose=pick_above,gripper=0.120"
2026-09-08 01:15:34,motion_command,object_blue_3,blue,r1c2,blue_sort_bin,,"pose=pick_down,gripper=0.120"
2026-09-08 01:15:35,motion_command,object_blue_3,blue,r1c2,blue_sort_bin,,"pose=pick_down,gripper=-0.550"
2026-09-08 01:15:36,grasp_attached,object_blue_3,blue,r1c2,blue_sort_bin,passed,selected object attached to gripper pose
2026-09-08 01:15:36,motion_command,object_blue_3,blue,r1c2,blue_sort_bin,,"pose=lift,gripper=-0.550"
2026-09-08 01:15:37,motion_command,object_blue_3,blue,r1c2,blue_sort_bin,,"pose=place_above,gripper=-0.550"
2026-09-08 01:15:39,motion_command,object_blue_3,blue,r1c2,blue_sort_bin,,"pose=place_down,gripper=-0.550"
2026-09-08 01:15:40,release,object_blue_3,blue,r1c2,blue_sort_bin,passed,"destination=(0.46, -0.16, 0.105)"
2026-09-08 01:15:40,motion_command,object_blue_3,blue,r1c2,blue_sort_bin,,"pose=lift_clear,gripper=0.120"
2026-09-08 01:15:41,object_complete,object_blue_3,blue,r1c2,blue_sort_bin,passed,pick-place sequence complete
2026-09-08 01:15:41,motion_command,object_red_1,red,r3c1,red_sort_bin,,"pose=pick_above,gripper=0.120"
2026-09-08 01:15:43,motion_command,object_red_1,red,r3c1,red_sort_bin,,"pose=pick_down,gripper=0.120"
2026-09-08 01:15:44,motion_command,object_red_1,red,r3c1,red_sort_bin,,"pose=pick_down,gripper=-0.550"
2026-09-08 01:15:45,grasp_attached,object_red_1,red,r3c1,red_sort_bin,passed,selected object attached to gripper pose
2026-09-08 01:15:45,motion_command,object_red_1,red,r3c1,red_sort_bin,,"pose=lift,gripper=-0.550"
2026-09-08 01:15:46,motion_command,object_red_1,red,r3c1,red_sort_bin,,"pose=place_above,gripper=-0.550"
2026-09-08 01:15:48,motion_command,object_red_1,red,r3c1,red_sort_bin,,"pose=place_down,gripper=-0.550"
2026-09-08 01:15:49,release,object_red_1,red,r3c1,red_sort_bin,passed,"destination=(0.46, 0.16, 0.105)"
2026-09-08 01:15:49,motion_command,object_red_1,red,r3c1,red_sort_bin,,"pose=lift_clear,gripper=0.120"
2026-09-08 01:15:50,object_complete,object_red_1,red,r3c1,red_sort_bin,passed,pick-place sequence complete
2026-09-08 01:15:50,motion_command,object_red_2,red,r1c1,red_sort_bin,,"pose=pick_above,gripper=0.120"
2026-09-08 01:15:52,motion_command,object_red_2,red,r1c1,red_sort_bin,,"pose=pick_down,gripper=0.120"
2026-09-08 01:15:53,motion_command,object_red_2,red,r1c1,red_sort_bin,,"pose=pick_down,gripper=-0.550"
2026-09-08 01:15:54,grasp_attached,object_red_2,red,r1c1,red_sort_bin,passed,selected object attached to gripper pose
2026-09-08 01:15:54,motion_command,object_red_2,red,r1c1,red_sort_bin,,"pose=lift,gripper=-0.550"
2026-09-08 01:15:55,motion_command,object_red_2,red,r1c1,red_sort_bin,,"pose=place_above,gripper=-0.550"
2026-09-08 01:15:57,motion_command,object_red_2,red,r1c1,red_sort_bin,,"pose=place_down,gripper=-0.550"
2026-09-08 01:15:58,release,object_red_2,red,r1c1,red_sort_bin,passed,"destination=(0.46, 0.16, 0.105)"
2026-09-08 01:15:58,motion_command,object_red_2,red,r1c1,red_sort_bin,,"pose=lift_clear,gripper=0.120"
2026-09-08 01:15:59,object_complete,object_red_2,red,r1c1,red_sort_bin,passed,pick-place sequence complete
2026-09-08 01:15:59,motion_command,object_red_3,red,r2c2,red_sort_bin,,"pose=pick_above,gripper=0.120"
2026-09-08 01:16:00,motion_command,object_red_3,red,r2c2,red_sort_bin,,"pose=pick_down,gripper=0.120"
2026-09-08 01:16:02,motion_command,object_red_3,red,r2c2,red_sort_bin,,"pose=pick_down,gripper=-0.550"
2026-09-08 01:16:03,grasp_attached,object_red_3,red,r2c2,red_sort_bin,passed,selected object attached to gripper pose
2026-09-08 01:16:03,motion_command,object_red_3,red,r2c2,red_sort_bin,,"pose=lift,gripper=-0.550"
2026-09-08 01:16:04,motion_command,object_red_3,red,r2c2,red_sort_bin,,"pose=place_above,gripper=-0.550"
2026-09-08 01:16:06,motion_command,object_red_3,red,r2c2,red_sort_bin,,"pose=place_down,gripper=-0.550"
2026-09-08 01:16:07,release,object_red_3,red,r2c2,red_sort_bin,passed,"destination=(0.46, 0.16, 0.105)"
2026-09-08 01:16:07,motion_command,object_red_3,red,r2c2,red_sort_bin,,"pose=lift_clear,gripper=0.120"
2026-09-08 01:16:08,object_complete,object_red_3,red,r2c2,red_sort_bin,passed,pick-place sequence complete
2026-09-08 01:16:08,task_result,,,,,passed,"{""status"":""passed"",""success_count"":6,""count"":6,""results"":[{""object_id"":""object_blue_1"",""class"":""blue"",""grid"":""r2c1"",""destination"":""blue_sort_bin"",""status"":""passed""},{""object_id"":""object_blue_2"",""class"":""blue"",""grid"":""r3c2"",""destination"":""blue_sort_bin"",""status"":""passed""},{""object_id"":""object_blue_3"",""class"":""blue"",""grid"":""r1c2"",""destination"":""blue_sort_bin"",""status"":""passed""},{""object_id"":""object_red_1"",""class"":""red"",""grid"":""r3c1"",""destination"":""red_sort_bin"",""status"":""passed""},{""object_id"":""object_red_2"",""class"":""red"",""grid"":""r1c1"",""destination"":""red_sort_bin"",""status"":""passed""},{""object_id"":""object_red_3"",""class"":""red"",""grid"":""r2c2"",""destination"":""red_sort_bin"",""status"":""passed""}]}"
2026-09-08 01:26:31,motion_command,object_blue_1,blue,r2c1,blue_sort_bin,,"pose=pick_above,gripper=0.120"
2026-09-08 01:26:32,motion_command,object_blue_1,blue,r2c1,blue_sort_bin,,"pose=pick_down,gripper=0.120"
2026-09-08 01:26:33,motion_command,object_blue_1,blue,r2c1,blue_sort_bin,,"pose=pick_down,gripper=-0.550"
2026-09-08 01:26:34,grasp_attached,object_blue_1,blue,r2c1,blue_sort_bin,passed,selected object attached to gripper pose
2026-09-08 01:26:34,motion_command,object_blue_1,blue,r2c1,blue_sort_bin,,"pose=lift,gripper=-0.550"
2026-09-08 01:26:36,motion_command,object_blue_1,blue,r2c1,blue_sort_bin,,"pose=place_above,gripper=-0.550"
2026-09-08 01:26:37,motion_command,object_blue_1,blue,r2c1,blue_sort_bin,,"pose=place_down,gripper=-0.550"
2026-09-08 01:26:38,release,object_blue_1,blue,r2c1,blue_sort_bin,passed,"destination=(0.46, -0.16, 0.105)"
2026-09-08 01:26:38,motion_command,object_blue_1,blue,r2c1,blue_sort_bin,,"pose=lift_clear,gripper=0.120"
2026-09-08 01:26:39,motion_command,object_blue_1,blue,r2c1,blue_sort_bin,,"pose=lift_clear,gripper=0.120"
2026-09-08 01:26:41,object_complete,object_blue_1,blue,r2c1,blue_sort_bin,passed,pick-place sequence complete
2026-09-08 01:26:41,motion_command,object_blue_2,blue,r3c2,blue_sort_bin,,"pose=pick_above,gripper=0.120"
2026-09-08 01:26:42,motion_command,object_blue_2,blue,r3c2,blue_sort_bin,,"pose=pick_down,gripper=0.120"
2026-09-08 01:26:43,motion_command,object_blue_2,blue,r3c2,blue_sort_bin,,"pose=pick_down,gripper=-0.550"
2026-09-08 01:26:44,grasp_attached,object_blue_2,blue,r3c2,blue_sort_bin,passed,selected object attached to gripper pose
2026-09-08 01:26:44,motion_command,object_blue_2,blue,r3c2,blue_sort_bin,,"pose=lift,gripper=-0.550"
2026-09-08 01:26:46,motion_command,object_blue_2,blue,r3c2,blue_sort_bin,,"pose=place_above,gripper=-0.550"
2026-09-08 01:26:47,motion_command,object_blue_2,blue,r3c2,blue_sort_bin,,"pose=place_down,gripper=-0.550"
2026-09-08 01:26:48,release,object_blue_2,blue,r3c2,blue_sort_bin,passed,"destination=(0.46, -0.16, 0.105)"
2026-09-08 01:26:48,motion_command,object_blue_2,blue,r3c2,blue_sort_bin,,"pose=lift_clear,gripper=0.120"
2026-09-08 01:26:49,motion_command,object_blue_2,blue,r3c2,blue_sort_bin,,"pose=lift_clear,gripper=0.120"
2026-09-08 01:26:51,object_complete,object_blue_2,blue,r3c2,blue_sort_bin,passed,pick-place sequence complete
2026-09-08 01:26:51,motion_command,object_blue_3,blue,r1c2,blue_sort_bin,,"pose=pick_above,gripper=0.120"
2026-09-08 01:26:52,motion_command,object_blue_3,blue,r1c2,blue_sort_bin,,"pose=pick_down,gripper=0.120"
2026-09-08 01:26:53,motion_command,object_blue_3,blue,r1c2,blue_sort_bin,,"pose=pick_down,gripper=-0.550"
2026-09-08 01:26:54,grasp_attached,object_blue_3,blue,r1c2,blue_sort_bin,passed,selected object attached to gripper pose
2026-09-08 01:26:54,motion_command,object_blue_3,blue,r1c2,blue_sort_bin,,"pose=lift,gripper=-0.550"
2026-09-08 01:26:56,motion_command,object_blue_3,blue,r1c2,blue_sort_bin,,"pose=place_above,gripper=-0.550"
2026-09-08 01:26:57,motion_command,object_blue_3,blue,r1c2,blue_sort_bin,,"pose=place_down,gripper=-0.550"
2026-09-08 01:26:58,release,object_blue_3,blue,r1c2,blue_sort_bin,passed,"destination=(0.46, -0.16, 0.105)"
2026-09-08 01:26:58,motion_command,object_blue_3,blue,r1c2,blue_sort_bin,,"pose=lift_clear,gripper=0.120"
2026-09-08 01:27:00,motion_command,object_blue_3,blue,r1c2,blue_sort_bin,,"pose=lift_clear,gripper=0.120"
2026-09-08 01:27:01,object_complete,object_blue_3,blue,r1c2,blue_sort_bin,passed,pick-place sequence complete
2026-09-08 01:27:01,motion_command,object_red_1,red,r3c1,red_sort_bin,,"pose=pick_above,gripper=0.120"
2026-09-08 01:27:02,motion_command,object_red_1,red,r3c1,red_sort_bin,,"pose=pick_down,gripper=0.120"
2026-09-08 01:27:03,motion_command,object_red_1,red,r3c1,red_sort_bin,,"pose=pick_down,gripper=-0.550"
2026-09-08 01:27:05,grasp_attached,object_red_1,red,r3c1,red_sort_bin,passed,selected object attached to gripper pose
2026-09-08 01:27:05,motion_command,object_red_1,red,r3c1,red_sort_bin,,"pose=lift,gripper=-0.550"
2026-09-08 01:27:06,motion_command,object_red_1,red,r3c1,red_sort_bin,,"pose=place_above,gripper=-0.550"
2026-09-08 01:27:07,motion_command,object_red_1,red,r3c1,red_sort_bin,,"pose=place_down,gripper=-0.550"
2026-09-08 01:27:08,release,object_red_1,red,r3c1,red_sort_bin,passed,"destination=(0.46, 0.16, 0.105)"
2026-09-08 01:27:09,motion_command,object_red_1,red,r3c1,red_sort_bin,,"pose=lift_clear,gripper=0.120"
2026-09-08 01:27:10,motion_command,object_red_1,red,r3c1,red_sort_bin,,"pose=lift_clear,gripper=0.120"
2026-09-08 01:27:11,object_complete,object_red_1,red,r3c1,red_sort_bin,passed,pick-place sequence complete
2026-09-08 01:27:11,motion_command,object_red_2,red,r1c1,red_sort_bin,,"pose=pick_above,gripper=0.120"
2026-09-08 01:27:12,motion_command,object_red_2,red,r1c1,red_sort_bin,,"pose=pick_down,gripper=0.120"
2026-09-08 01:27:14,motion_command,object_red_2,red,r1c1,red_sort_bin,,"pose=pick_down,gripper=-0.550"
2026-09-08 01:27:15,grasp_attached,object_red_2,red,r1c1,red_sort_bin,passed,selected object attached to gripper pose
2026-09-08 01:27:15,motion_command,object_red_2,red,r1c1,red_sort_bin,,"pose=lift,gripper=-0.550"
2026-09-08 01:27:16,motion_command,object_red_2,red,r1c1,red_sort_bin,,"pose=place_above,gripper=-0.550"
2026-09-08 01:27:17,motion_command,object_red_2,red,r1c1,red_sort_bin,,"pose=place_down,gripper=-0.550"
2026-09-08 01:27:19,release,object_red_2,red,r1c1,red_sort_bin,passed,"destination=(0.46, 0.16, 0.105)"
2026-09-08 01:27:19,motion_command,object_red_2,red,r1c1,red_sort_bin,,"pose=lift_clear,gripper=0.120"
2026-09-08 01:27:20,motion_command,object_red_2,red,r1c1,red_sort_bin,,"pose=lift_clear,gripper=0.120"
2026-09-08 01:27:21,object_complete,object_red_2,red,r1c1,red_sort_bin,passed,pick-place sequence complete
2026-09-08 01:27:21,motion_command,object_red_3,red,r2c2,red_sort_bin,,"pose=pick_above,gripper=0.120"
2026-09-08 01:27:22,motion_command,object_red_3,red,r2c2,red_sort_bin,,"pose=pick_down,gripper=0.120"
2026-09-08 01:27:24,motion_command,object_red_3,red,r2c2,red_sort_bin,,"pose=pick_down,gripper=-0.550"
2026-09-08 01:27:25,grasp_attached,object_red_3,red,r2c2,red_sort_bin,passed,selected object attached to gripper pose
2026-09-08 01:27:25,motion_command,object_red_3,red,r2c2,red_sort_bin,,"pose=lift,gripper=-0.550"
2026-09-08 01:27:26,motion_command,object_red_3,red,r2c2,red_sort_bin,,"pose=place_above,gripper=-0.550"
2026-09-08 01:27:27,motion_command,object_red_3,red,r2c2,red_sort_bin,,"pose=place_down,gripper=-0.550"
2026-09-08 01:27:29,release,object_red_3,red,r2c2,red_sort_bin,passed,"destination=(0.46, 0.16, 0.105)"
2026-09-08 01:27:29,motion_command,object_red_3,red,r2c2,red_sort_bin,,"pose=lift_clear,gripper=0.120"
2026-09-08 01:27:30,motion_command,object_red_3,red,r2c2,red_sort_bin,,"pose=lift_clear,gripper=0.120"
2026-09-08 01:27:31,object_complete,object_red_3,red,r2c2,red_sort_bin,passed,pick-place sequence complete
2026-09-08 01:27:31,task_result,,,,,passed,"{""status"":""passed"",""success_count"":6,""count"":6,""results"":[{""object_id"":""object_blue_1"",""class"":""blue"",""grid"":""r2c1"",""destination"":""blue_sort_bin"",""status"":""passed""},{""object_id"":""object_blue_2"",""class"":""blue"",""grid"":""r3c2"",""destination"":""blue_sort_bin"",""status"":""passed""},{""object_id"":""object_blue_3"",""class"":""blue"",""grid"":""r1c2"",""destination"":""blue_sort_bin"",""status"":""passed""},{""object_id"":""object_red_1"",""class"":""red"",""grid"":""r3c1"",""destination"":""red_sort_bin"",""status"":""passed""},{""object_id"":""object_red_2"",""class"":""red"",""grid"":""r1c1"",""destination"":""red_sort_bin"",""status"":""passed""},{""object_id"":""object_red_3"",""class"":""red"",""grid"":""r2c2"",""destination"":""red_sort_bin"",""status"":""passed""}]}"
2026-09-08 01:58:00,motion_command,object_blue_1,blue,r2c1,blue_sort_bin,,"pose=pick_above,gripper=0.120"
2026-09-08 01:58:01,motion_command,object_blue_1,blue,r2c1,blue_sort_bin,,"pose=pick_down,gripper=0.120"
2026-09-08 01:58:02,motion_command,object_blue_1,blue,r2c1,blue_sort_bin,,"pose=pick_down,gripper=-0.550"
2026-09-08 01:58:04,grasp_attached,object_blue_1,blue,r2c1,blue_sort_bin,passed,selected object attached to gripper pose
2026-09-08 01:58:04,motion_command,object_blue_1,blue,r2c1,blue_sort_bin,,"pose=lift,gripper=-0.550"
2026-09-08 01:58:05,motion_command,object_blue_1,blue,r2c1,blue_sort_bin,,"pose=place_above,gripper=-0.550"
2026-09-08 01:58:06,motion_command,object_blue_1,blue,r2c1,blue_sort_bin,,"pose=place_down,gripper=-0.550"
2026-09-08 01:58:08,release,object_blue_1,blue,r2c1,blue_sort_bin,passed,"destination=(0.46, -0.16, 0.105)"
2026-09-08 01:58:08,motion_command,object_blue_1,blue,r2c1,blue_sort_bin,,"pose=lift_clear,gripper=0.120"
2026-09-08 01:58:09,motion_command,object_blue_1,blue,r2c1,blue_sort_bin,,"pose=lift_clear,gripper=0.120"
2026-09-08 01:58:10,object_complete,object_blue_1,blue,r2c1,blue_sort_bin,passed,pick-place sequence complete
2026-09-08 01:58:10,motion_command,object_blue_2,blue,r3c2,blue_sort_bin,,"pose=pick_above,gripper=0.120"
2026-09-08 01:58:11,motion_command,object_blue_2,blue,r3c2,blue_sort_bin,,"pose=pick_down,gripper=0.120"
2026-09-08 01:58:13,motion_command,object_blue_2,blue,r3c2,blue_sort_bin,,"pose=pick_down,gripper=-0.550"
2026-09-08 01:58:14,grasp_attached,object_blue_2,blue,r3c2,blue_sort_bin,passed,selected object attached to gripper pose
2026-09-08 01:58:14,motion_command,object_blue_2,blue,r3c2,blue_sort_bin,,"pose=lift,gripper=-0.550"
2026-09-08 01:58:15,motion_command,object_blue_2,blue,r3c2,blue_sort_bin,,"pose=place_above,gripper=-0.550"
2026-09-08 01:58:16,motion_command,object_blue_2,blue,r3c2,blue_sort_bin,,"pose=place_down,gripper=-0.550"
2026-09-08 01:58:18,release,object_blue_2,blue,r3c2,blue_sort_bin,passed,"destination=(0.46, -0.16, 0.105)"
2026-09-08 01:58:18,motion_command,object_blue_2,blue,r3c2,blue_sort_bin,,"pose=lift_clear,gripper=0.120"
2026-09-08 01:58:19,motion_command,object_blue_2,blue,r3c2,blue_sort_bin,,"pose=lift_clear,gripper=0.120"
2026-09-08 01:58:20,object_complete,object_blue_2,blue,r3c2,blue_sort_bin,passed,pick-place sequence complete
2026-09-08 01:58:20,motion_command,object_blue_3,blue,r1c2,blue_sort_bin,,"pose=pick_above,gripper=0.120"
2026-09-08 01:58:22,motion_command,object_blue_3,blue,r1c2,blue_sort_bin,,"pose=pick_down,gripper=0.120"
2026-09-08 01:58:23,motion_command,object_blue_3,blue,r1c2,blue_sort_bin,,"pose=pick_down,gripper=-0.550"
2026-09-08 01:58:24,grasp_attached,object_blue_3,blue,r1c2,blue_sort_bin,passed,selected object attached to gripper pose
2026-09-08 01:58:24,motion_command,object_blue_3,blue,r1c2,blue_sort_bin,,"pose=lift,gripper=-0.550"
2026-09-08 01:58:25,motion_command,object_blue_3,blue,r1c2,blue_sort_bin,,"pose=place_above,gripper=-0.550"
2026-09-08 01:58:27,motion_command,object_blue_3,blue,r1c2,blue_sort_bin,,"pose=place_down,gripper=-0.550"
2026-09-08 01:58:28,release,object_blue_3,blue,r1c2,blue_sort_bin,passed,"destination=(0.46, -0.16, 0.105)"
2026-09-08 01:58:28,motion_command,object_blue_3,blue,r1c2,blue_sort_bin,,"pose=lift_clear,gripper=0.120"
2026-09-08 01:58:29,motion_command,object_blue_3,blue,r1c2,blue_sort_bin,,"pose=lift_clear,gripper=0.120"
2026-09-08 01:58:30,object_complete,object_blue_3,blue,r1c2,blue_sort_bin,passed,pick-place sequence complete
2026-09-08 01:58:30,motion_command,object_red_1,red,r3c1,red_sort_bin,,"pose=pick_above,gripper=0.120"
2026-09-08 01:58:32,motion_command,object_red_1,red,r3c1,red_sort_bin,,"pose=pick_down,gripper=0.120"
2026-09-08 01:58:33,motion_command,object_red_1,red,r3c1,red_sort_bin,,"pose=pick_down,gripper=-0.550"
2026-09-08 01:58:34,grasp_attached,object_red_1,red,r3c1,red_sort_bin,passed,selected object attached to gripper pose
2026-09-08 01:58:34,motion_command,object_red_1,red,r3c1,red_sort_bin,,"pose=lift,gripper=-0.550"
2026-09-08 01:58:35,motion_command,object_red_1,red,r3c1,red_sort_bin,,"pose=place_above,gripper=-0.550"
2026-09-08 01:58:37,motion_command,object_red_1,red,r3c1,red_sort_bin,,"pose=place_down,gripper=-0.550"
2026-09-08 01:58:38,release,object_red_1,red,r3c1,red_sort_bin,passed,"destination=(0.46, 0.16, 0.105)"
2026-09-08 01:58:38,motion_command,object_red_1,red,r3c1,red_sort_bin,,"pose=lift_clear,gripper=0.120"
2026-09-08 01:58:39,motion_command,object_red_1,red,r3c1,red_sort_bin,,"pose=lift_clear,gripper=0.120"
2026-09-08 01:58:41,object_complete,object_red_1,red,r3c1,red_sort_bin,passed,pick-place sequence complete
2026-09-08 01:58:41,motion_command,object_red_2,red,r1c1,red_sort_bin,,"pose=pick_above,gripper=0.120"
2026-09-08 01:58:42,motion_command,object_red_2,red,r1c1,red_sort_bin,,"pose=pick_down,gripper=0.120"
2026-09-08 01:58:43,motion_command,object_red_2,red,r1c1,red_sort_bin,,"pose=pick_down,gripper=-0.550"
2026-09-08 01:58:44,grasp_attached,object_red_2,red,r1c1,red_sort_bin,passed,selected object attached to gripper pose
2026-09-08 01:58:44,motion_command,object_red_2,red,r1c1,red_sort_bin,,"pose=lift,gripper=-0.550"
2026-09-08 01:58:45,motion_command,object_red_2,red,r1c1,red_sort_bin,,"pose=place_above,gripper=-0.550"
2026-09-08 01:58:47,motion_command,object_red_2,red,r1c1,red_sort_bin,,"pose=place_down,gripper=-0.550"
2026-09-08 01:58:48,release,object_red_2,red,r1c1,red_sort_bin,passed,"destination=(0.46, 0.16, 0.105)"
2026-09-08 01:58:48,motion_command,object_red_2,red,r1c1,red_sort_bin,,"pose=lift_clear,gripper=0.120"
2026-09-08 01:58:49,motion_command,object_red_2,red,r1c1,red_sort_bin,,"pose=lift_clear,gripper=0.120"
2026-09-08 01:58:51,object_complete,object_red_2,red,r1c1,red_sort_bin,passed,pick-place sequence complete
2026-09-08 01:58:51,motion_command,object_red_3,red,r2c2,red_sort_bin,,"pose=pick_above,gripper=0.120"
2026-09-08 01:58:52,motion_command,object_red_3,red,r2c2,red_sort_bin,,"pose=pick_down,gripper=0.120"
2026-09-08 01:58:53,motion_command,object_red_3,red,r2c2,red_sort_bin,,"pose=pick_down,gripper=-0.550"
2026-09-08 01:58:54,grasp_attached,object_red_3,red,r2c2,red_sort_bin,passed,selected object attached to gripper pose
2026-09-08 01:58:54,motion_command,object_red_3,red,r2c2,red_sort_bin,,"pose=lift,gripper=-0.550"
2026-09-08 01:58:56,motion_command,object_red_3,red,r2c2,red_sort_bin,,"pose=place_above,gripper=-0.550"
2026-09-08 01:58:57,motion_command,object_red_3,red,r2c2,red_sort_bin,,"pose=place_down,gripper=-0.550"
2026-09-08 01:58:58,release,object_red_3,red,r2c2,red_sort_bin,passed,"destination=(0.46, 0.16, 0.105)"
2026-09-08 01:58:58,motion_command,object_red_3,red,r2c2,red_sort_bin,,"pose=lift_clear,gripper=0.120"
2026-09-08 01:59:00,motion_command,object_red_3,red,r2c2,red_sort_bin,,"pose=lift_clear,gripper=0.120"
2026-09-08 01:59:01,object_complete,object_red_3,red,r2c2,red_sort_bin,passed,pick-place sequence complete
2026-09-08 01:59:01,task_result,,,,,passed,"{""status"":""passed"",""success_count"":6,""count"":6,""results"":[{""object_id"":""object_blue_1"",""class"":""blue"",""grid"":""r2c1"",""destination"":""blue_sort_bin"",""status"":""passed""},{""object_id"":""object_blue_2"",""class"":""blue"",""grid"":""r3c2"",""destination"":""blue_sort_bin"",""status"":""passed""},{""object_id"":""object_blue_3"",""class"":""blue"",""grid"":""r1c2"",""destination"":""blue_sort_bin"",""status"":""passed""},{""object_id"":""object_red_1"",""class"":""red"",""grid"":""r3c1"",""destination"":""red_sort_bin"",""status"":""passed""},{""object_id"":""object_red_2"",""class"":""red"",""grid"":""r1c1"",""destination"":""red_sort_bin"",""status"":""passed""},{""object_id"":""object_red_3"",""class"":""red"",""grid"":""r2c2"",""destination"":""red_sort_bin"",""status"":""passed""}]}"
2026-09-08 02:14:08,motion_command,object_blue_1,blue,r2c1,blue_sort_bin,,"pose=pick_above,gripper=0.120"
2026-09-08 02:14:09,motion_command,object_blue_1,blue,r2c1,blue_sort_bin,,"pose=pick_down,gripper=0.120"
2026-09-08 02:14:10,motion_command,object_blue_1,blue,r2c1,blue_sort_bin,,"pose=pick_down,gripper=-0.550"
2026-09-08 02:14:12,grasp_attached,object_blue_1,blue,r2c1,blue_sort_bin,passed,selected object attached to gripper pose
2026-09-08 02:14:12,motion_command,object_blue_1,blue,r2c1,blue_sort_bin,,"pose=lift,gripper=-0.550"
2026-09-08 02:14:13,motion_command,object_blue_1,blue,r2c1,blue_sort_bin,,"pose=place_above,gripper=-0.550"
2026-09-08 02:14:14,motion_command,object_blue_1,blue,r2c1,blue_sort_bin,,"pose=place_down,gripper=-0.550"
2026-09-08 02:14:16,release,object_blue_1,blue,r2c1,blue_sort_bin,passed,"destination=(0.46, -0.16, 0.105)"
2026-09-08 02:14:16,motion_command,object_blue_1,blue,r2c1,blue_sort_bin,,"pose=lift_clear,gripper=0.120"
2026-09-08 02:14:17,motion_command,object_blue_1,blue,r2c1,blue_sort_bin,,"pose=lift_clear,gripper=0.120"
2026-09-08 02:14:18,object_complete,object_blue_1,blue,r2c1,blue_sort_bin,passed,pick-place sequence complete
2026-09-08 02:14:18,motion_command,object_blue_2,blue,r3c2,blue_sort_bin,,"pose=pick_above,gripper=0.120"
2026-09-08 02:14:19,motion_command,object_blue_2,blue,r3c2,blue_sort_bin,,"pose=pick_down,gripper=0.120"
2026-09-08 02:14:21,motion_command,object_blue_2,blue,r3c2,blue_sort_bin,,"pose=pick_down,gripper=-0.550"
2026-09-08 02:14:22,grasp_attached,object_blue_2,blue,r3c2,blue_sort_bin,passed,selected object attached to gripper pose
2026-09-08 02:14:22,motion_command,object_blue_2,blue,r3c2,blue_sort_bin,,"pose=lift,gripper=-0.550"
2026-09-08 02:14:23,motion_command,object_blue_2,blue,r3c2,blue_sort_bin,,"pose=place_above,gripper=-0.550"
2026-09-08 02:14:24,motion_command,object_blue_2,blue,r3c2,blue_sort_bin,,"pose=place_down,gripper=-0.550"
2026-09-08 02:14:26,release,object_blue_2,blue,r3c2,blue_sort_bin,passed,"destination=(0.46, -0.16, 0.105)"
2026-09-08 02:14:26,motion_command,object_blue_2,blue,r3c2,blue_sort_bin,,"pose=lift_clear,gripper=0.120"
2026-09-08 02:14:27,motion_command,object_blue_2,blue,r3c2,blue_sort_bin,,"pose=lift_clear,gripper=0.120"
2026-09-08 02:14:28,object_complete,object_blue_2,blue,r3c2,blue_sort_bin,passed,pick-place sequence complete
2026-09-08 02:14:28,motion_command,object_blue_3,blue,r1c2,blue_sort_bin,,"pose=pick_above,gripper=0.120"
2026-09-08 02:14:29,motion_command,object_blue_3,blue,r1c2,blue_sort_bin,,"pose=pick_down,gripper=0.120"
2026-09-08 02:14:31,motion_command,object_blue_3,blue,r1c2,blue_sort_bin,,"pose=pick_down,gripper=-0.550"
2026-09-08 02:14:32,grasp_attached,object_blue_3,blue,r1c2,blue_sort_bin,passed,selected object attached to gripper pose
2026-09-08 02:14:32,motion_command,object_blue_3,blue,r1c2,blue_sort_bin,,"pose=lift,gripper=-0.550"
2026-09-08 02:14:33,motion_command,object_blue_3,blue,r1c2,blue_sort_bin,,"pose=place_above,gripper=-0.550"
2026-09-08 02:14:34,motion_command,object_blue_3,blue,r1c2,blue_sort_bin,,"pose=place_down,gripper=-0.550"
2026-09-08 02:14:36,release,object_blue_3,blue,r1c2,blue_sort_bin,passed,"destination=(0.46, -0.16, 0.105)"
2026-09-08 02:14:36,motion_command,object_blue_3,blue,r1c2,blue_sort_bin,,"pose=lift_clear,gripper=0.120"
2026-09-08 02:14:37,motion_command,object_blue_3,blue,r1c2,blue_sort_bin,,"pose=lift_clear,gripper=0.120"
2026-09-08 02:14:38,object_complete,object_blue_3,blue,r1c2,blue_sort_bin,passed,pick-place sequence complete
2026-09-08 02:14:38,motion_command,object_red_1,red,r3c1,red_sort_bin,,"pose=pick_above,gripper=0.120"
2026-09-08 02:14:40,motion_command,object_red_1,red,r3c1,red_sort_bin,,"pose=pick_down,gripper=0.120"
2026-09-08 02:14:41,motion_command,object_red_1,red,r3c1,red_sort_bin,,"pose=pick_down,gripper=-0.550"
2026-09-08 02:14:42,grasp_attached,object_red_1,red,r3c1,red_sort_bin,passed,selected object attached to gripper pose
2026-09-08 02:14:42,motion_command,object_red_1,red,r3c1,red_sort_bin,,"pose=lift,gripper=-0.550"
2026-09-08 02:14:43,motion_command,object_red_1,red,r3c1,red_sort_bin,,"pose=place_above,gripper=-0.550"
2026-09-08 02:14:45,motion_command,object_red_1,red,r3c1,red_sort_bin,,"pose=place_down,gripper=-0.550"
2026-09-08 02:14:46,release,object_red_1,red,r3c1,red_sort_bin,passed,"destination=(0.46, 0.16, 0.105)"
2026-09-08 02:14:46,motion_command,object_red_1,red,r3c1,red_sort_bin,,"pose=lift_clear,gripper=0.120"
2026-09-08 02:14:47,motion_command,object_red_1,red,r3c1,red_sort_bin,,"pose=lift_clear,gripper=0.120"
2026-09-08 02:14:48,object_complete,object_red_1,red,r3c1,red_sort_bin,passed,pick-place sequence complete
2026-09-08 02:14:48,motion_command,object_red_2,red,r1c1,red_sort_bin,,"pose=pick_above,gripper=0.120"
2026-09-08 02:14:50,motion_command,object_red_2,red,r1c1,red_sort_bin,,"pose=pick_down,gripper=0.120"
2026-09-08 02:14:51,motion_command,object_red_2,red,r1c1,red_sort_bin,,"pose=pick_down,gripper=-0.550"
2026-09-08 02:14:52,grasp_attached,object_red_2,red,r1c1,red_sort_bin,passed,selected object attached to gripper pose
2026-09-08 02:14:52,motion_command,object_red_2,red,r1c1,red_sort_bin,,"pose=lift,gripper=-0.550"
2026-09-08 02:14:53,motion_command,object_red_2,red,r1c1,red_sort_bin,,"pose=place_above,gripper=-0.550"
2026-09-08 02:14:55,motion_command,object_red_2,red,r1c1,red_sort_bin,,"pose=place_down,gripper=-0.550"
2026-09-08 02:14:56,release,object_red_2,red,r1c1,red_sort_bin,passed,"destination=(0.46, 0.16, 0.105)"
2026-09-08 02:14:56,motion_command,object_red_2,red,r1c1,red_sort_bin,,"pose=lift_clear,gripper=0.120"
2026-09-08 02:14:57,motion_command,object_red_2,red,r1c1,red_sort_bin,,"pose=lift_clear,gripper=0.120"
2026-09-08 02:14:59,object_complete,object_red_2,red,r1c1,red_sort_bin,passed,pick-place sequence complete
2026-09-08 02:14:59,motion_command,object_red_3,red,r2c2,red_sort_bin,,"pose=pick_above,gripper=0.120"
2026-09-08 02:15:00,motion_command,object_red_3,red,r2c2,red_sort_bin,,"pose=pick_down,gripper=0.120"
2026-09-08 02:15:01,motion_command,object_red_3,red,r2c2,red_sort_bin,,"pose=pick_down,gripper=-0.550"
2026-09-08 02:15:02,grasp_attached,object_red_3,red,r2c2,red_sort_bin,passed,selected object attached to gripper pose
2026-09-08 02:15:02,motion_command,object_red_3,red,r2c2,red_sort_bin,,"pose=lift,gripper=-0.550"
2026-09-08 02:15:04,motion_command,object_red_3,red,r2c2,red_sort_bin,,"pose=place_above,gripper=-0.550"
2026-09-08 02:15:05,motion_command,object_red_3,red,r2c2,red_sort_bin,,"pose=place_down,gripper=-0.550"
2026-09-08 02:15:06,release,object_red_3,red,r2c2,red_sort_bin,passed,"destination=(0.46, 0.16, 0.105)"
2026-09-08 02:15:06,motion_command,object_red_3,red,r2c2,red_sort_bin,,"pose=lift_clear,gripper=0.120"
2026-09-08 02:15:07,motion_command,object_red_3,red,r2c2,red_sort_bin,,"pose=lift_clear,gripper=0.120"
2026-09-08 02:15:09,object_complete,object_red_3,red,r2c2,red_sort_bin,passed,pick-place sequence complete
2026-09-08 02:15:09,task_result,,,,,passed,"{""status"":""passed"",""success_count"":6,""count"":6,""results"":[{""object_id"":""object_blue_1"",""class"":""blue"",""grid"":""r2c1"",""destination"":""blue_sort_bin"",""status"":""passed""},{""object_id"":""object_blue_2"",""class"":""blue"",""grid"":""r3c2"",""destination"":""blue_sort_bin"",""status"":""passed""},{""object_id"":""object_blue_3"",""class"":""blue"",""grid"":""r1c2"",""destination"":""blue_sort_bin"",""status"":""passed""},{""object_id"":""object_red_1"",""class"":""red"",""grid"":""r3c1"",""destination"":""red_sort_bin"",""status"":""passed""},{""object_id"":""object_red_2"",""class"":""red"",""grid"":""r1c1"",""destination"":""red_sort_bin"",""status"":""passed""},{""object_id"":""object_red_3"",""class"":""red"",""grid"":""r2c2"",""destination"":""red_sort_bin"",""status"":""passed""}]}"
2026-09-08 02:28:52,motion_command,object_blue_1,blue,r2c1,blue_sort_bin,,"pose=pick_above,gripper=0.120"
2026-09-08 02:28:53,motion_command,object_blue_1,blue,r2c1,blue_sort_bin,,"pose=pick_down,gripper=0.120"
2026-09-08 02:28:54,motion_command,object_blue_1,blue,r2c1,blue_sort_bin,,"pose=pick_down,gripper=-0.550"
2026-09-08 02:28:55,grasp_attached,object_blue_1,blue,r2c1,blue_sort_bin,passed,selected object attached to gripper pose
2026-09-08 02:28:55,motion_command,object_blue_1,blue,r2c1,blue_sort_bin,,"pose=lift,gripper=-0.550"
2026-09-08 02:28:56,motion_command,object_blue_1,blue,r2c1,blue_sort_bin,,"pose=place_above,gripper=-0.550"
2026-09-08 02:28:58,motion_command,object_blue_1,blue,r2c1,blue_sort_bin,,"pose=place_down,gripper=-0.550"
2026-09-08 02:28:59,release,object_blue_1,blue,r2c1,blue_sort_bin,passed,"destination=(0.46, -0.16, 0.105)"
2026-09-08 02:28:59,motion_command,object_blue_1,blue,r2c1,blue_sort_bin,,"pose=lift_clear,gripper=0.120"
2026-09-08 02:29:00,motion_command,object_blue_1,blue,r2c1,blue_sort_bin,,"pose=lift_clear,gripper=0.120"
2026-09-08 02:29:01,object_complete,object_blue_1,blue,r2c1,blue_sort_bin,passed,pick-place sequence complete
2026-09-08 02:29:02,motion_command,object_blue_2,blue,r3c2,blue_sort_bin,,"pose=pick_above,gripper=0.120"
2026-09-08 02:29:03,motion_command,object_blue_2,blue,r3c2,blue_sort_bin,,"pose=pick_down,gripper=0.120"
2026-09-08 02:29:04,motion_command,object_blue_2,blue,r3c2,blue_sort_bin,,"pose=pick_down,gripper=-0.550"
2026-09-08 02:29:05,grasp_attached,object_blue_2,blue,r3c2,blue_sort_bin,passed,selected object attached to gripper pose
2026-09-08 02:29:05,motion_command,object_blue_2,blue,r3c2,blue_sort_bin,,"pose=lift,gripper=-0.550"
2026-09-08 02:29:07,motion_command,object_blue_2,blue,r3c2,blue_sort_bin,,"pose=place_above,gripper=-0.550"
2026-09-08 02:29:08,motion_command,object_blue_2,blue,r3c2,blue_sort_bin,,"pose=place_down,gripper=-0.550"
2026-09-08 02:29:09,release,object_blue_2,blue,r3c2,blue_sort_bin,passed,"destination=(0.46, -0.16, 0.105)"
2026-09-08 02:29:09,motion_command,object_blue_2,blue,r3c2,blue_sort_bin,,"pose=lift_clear,gripper=0.120"
2026-09-08 02:29:10,motion_command,object_blue_2,blue,r3c2,blue_sort_bin,,"pose=lift_clear,gripper=0.120"
2026-09-08 02:29:12,object_complete,object_blue_2,blue,r3c2,blue_sort_bin,passed,pick-place sequence complete
2026-09-08 02:29:12,motion_command,object_blue_3,blue,r1c2,blue_sort_bin,,"pose=pick_above,gripper=0.120"
2026-09-08 02:29:13,motion_command,object_blue_3,blue,r1c2,blue_sort_bin,,"pose=pick_down,gripper=0.120"
2026-09-08 02:29:14,motion_command,object_blue_3,blue,r1c2,blue_sort_bin,,"pose=pick_down,gripper=-0.550"
2026-09-08 02:29:15,grasp_attached,object_blue_3,blue,r1c2,blue_sort_bin,passed,selected object attached to gripper pose
2026-09-08 02:29:15,motion_command,object_blue_3,blue,r1c2,blue_sort_bin,,"pose=lift,gripper=-0.550"
2026-09-08 02:29:17,motion_command,object_blue_3,blue,r1c2,blue_sort_bin,,"pose=place_above,gripper=-0.550"
2026-09-08 02:29:18,motion_command,object_blue_3,blue,r1c2,blue_sort_bin,,"pose=place_down,gripper=-0.550"
2026-09-08 02:29:19,release,object_blue_3,blue,r1c2,blue_sort_bin,passed,"destination=(0.46, -0.16, 0.105)"
2026-09-08 02:29:19,motion_command,object_blue_3,blue,r1c2,blue_sort_bin,,"pose=lift_clear,gripper=0.120"
2026-09-08 02:29:21,motion_command,object_blue_3,blue,r1c2,blue_sort_bin,,"pose=lift_clear,gripper=0.120"
2026-09-08 02:29:22,object_complete,object_blue_3,blue,r1c2,blue_sort_bin,passed,pick-place sequence complete
2026-09-08 02:29:22,motion_command,object_red_1,red,r3c1,red_sort_bin,,"pose=pick_above,gripper=0.120"
2026-09-08 02:29:23,motion_command,object_red_1,red,r3c1,red_sort_bin,,"pose=pick_down,gripper=0.120"
2026-09-08 02:29:24,motion_command,object_red_1,red,r3c1,red_sort_bin,,"pose=pick_down,gripper=-0.550"
2026-09-08 02:29:25,grasp_attached,object_red_1,red,r3c1,red_sort_bin,passed,selected object attached to gripper pose
2026-09-08 02:29:25,motion_command,object_red_1,red,r3c1,red_sort_bin,,"pose=lift,gripper=-0.550"
2026-09-08 02:29:27,motion_command,object_red_1,red,r3c1,red_sort_bin,,"pose=place_above,gripper=-0.550"
2026-09-08 02:29:28,motion_command,object_red_1,red,r3c1,red_sort_bin,,"pose=place_down,gripper=-0.550"
2026-09-08 02:29:29,release,object_red_1,red,r3c1,red_sort_bin,passed,"destination=(0.46, 0.16, 0.105)"
2026-09-08 02:29:29,motion_command,object_red_1,red,r3c1,red_sort_bin,,"pose=lift_clear,gripper=0.120"
2026-09-08 02:29:30,motion_command,object_red_1,red,r3c1,red_sort_bin,,"pose=lift_clear,gripper=0.120"
2026-09-08 02:29:32,object_complete,object_red_1,red,r3c1,red_sort_bin,passed,pick-place sequence complete
2026-09-08 02:29:32,motion_command,object_red_2,red,r1c1,red_sort_bin,,"pose=pick_above,gripper=0.120"
2026-09-08 02:29:33,motion_command,object_red_2,red,r1c1,red_sort_bin,,"pose=pick_down,gripper=0.120"
2026-09-08 02:29:34,motion_command,object_red_2,red,r1c1,red_sort_bin,,"pose=pick_down,gripper=-0.550"
2026-09-08 02:29:35,grasp_attached,object_red_2,red,r1c1,red_sort_bin,passed,selected object attached to gripper pose
2026-09-08 02:29:35,motion_command,object_red_2,red,r1c1,red_sort_bin,,"pose=lift,gripper=-0.550"
2026-09-08 02:29:37,motion_command,object_red_2,red,r1c1,red_sort_bin,,"pose=place_above,gripper=-0.550"
2026-09-08 02:29:38,motion_command,object_red_2,red,r1c1,red_sort_bin,,"pose=place_down,gripper=-0.550"
2026-09-08 02:29:39,release,object_red_2,red,r1c1,red_sort_bin,passed,"destination=(0.46, 0.16, 0.105)"
2026-09-08 02:29:39,motion_command,object_red_2,red,r1c1,red_sort_bin,,"pose=lift_clear,gripper=0.120"
2026-09-08 02:29:41,motion_command,object_red_2,red,r1c1,red_sort_bin,,"pose=lift_clear,gripper=0.120"
2026-09-08 02:29:42,object_complete,object_red_2,red,r1c1,red_sort_bin,passed,pick-place sequence complete
2026-09-08 02:29:42,motion_command,object_red_3,red,r2c2,red_sort_bin,,"pose=pick_above,gripper=0.120"
2026-09-08 02:29:43,motion_command,object_red_3,red,r2c2,red_sort_bin,,"pose=pick_down,gripper=0.120"
2026-09-08 02:29:44,motion_command,object_red_3,red,r2c2,red_sort_bin,,"pose=pick_down,gripper=-0.550"
2026-09-08 02:29:46,grasp_attached,object_red_3,red,r2c2,red_sort_bin,passed,selected object attached to gripper pose
2026-09-08 02:29:46,motion_command,object_red_3,red,r2c2,red_sort_bin,,"pose=lift,gripper=-0.550"
2026-09-08 02:29:47,motion_command,object_red_3,red,r2c2,red_sort_bin,,"pose=place_above,gripper=-0.550"
2026-09-08 02:29:48,motion_command,object_red_3,red,r2c2,red_sort_bin,,"pose=place_down,gripper=-0.550"
2026-09-08 02:29:49,release,object_red_3,red,r2c2,red_sort_bin,passed,"destination=(0.46, 0.16, 0.105)"
2026-09-08 02:29:49,motion_command,object_red_3,red,r2c2,red_sort_bin,,"pose=lift_clear,gripper=0.120"
2026-09-08 02:29:51,motion_command,object_red_3,red,r2c2,red_sort_bin,,"pose=lift_clear,gripper=0.120"
2026-09-08 02:29:52,object_complete,object_red_3,red,r2c2,red_sort_bin,passed,pick-place sequence complete
2026-09-08 02:29:52,task_result,,,,,passed,"{""status"":""passed"",""success_count"":6,""count"":6,""results"":[{""object_id"":""object_blue_1"",""class"":""blue"",""grid"":""r2c1"",""destination"":""blue_sort_bin"",""status"":""passed""},{""object_id"":""object_blue_2"",""class"":""blue"",""grid"":""r3c2"",""destination"":""blue_sort_bin"",""status"":""passed""},{""object_id"":""object_blue_3"",""class"":""blue"",""grid"":""r1c2"",""destination"":""blue_sort_bin"",""status"":""passed""},{""object_id"":""object_red_1"",""class"":""red"",""grid"":""r3c1"",""destination"":""red_sort_bin"",""status"":""passed""},{""object_id"":""object_red_2"",""class"":""red"",""grid"":""r1c1"",""destination"":""red_sort_bin"",""status"":""passed""},{""object_id"":""object_red_3"",""class"":""red"",""grid"":""r2c2"",""destination"":""red_sort_bin"",""status"":""passed""}]}"
2026-09-08 02:33:12,motion_command,object_blue_1,blue,r2c1,blue_sort_bin,,"pose=pick_above,gripper=0.120"
2026-09-08 02:33:13,motion_command,object_blue_1,blue,r2c1,blue_sort_bin,,"pose=pick_down,gripper=0.120"
2026-09-08 02:33:15,motion_command,object_blue_1,blue,r2c1,blue_sort_bin,,"pose=pick_down,gripper=-0.550"
2026-09-08 02:33:16,grasp_attached,object_blue_1,blue,r2c1,blue_sort_bin,passed,selected object attached to gripper pose
2026-09-08 02:33:16,motion_command,object_blue_1,blue,r2c1,blue_sort_bin,,"pose=lift,gripper=-0.550"
2026-09-08 02:33:17,motion_command,object_blue_1,blue,r2c1,blue_sort_bin,,"pose=place_above,gripper=-0.550"
2026-09-08 02:33:18,motion_command,object_blue_1,blue,r2c1,blue_sort_bin,,"pose=place_down,gripper=-0.550"
2026-09-08 02:33:20,release,object_blue_1,blue,r2c1,blue_sort_bin,passed,"destination=(0.46, -0.16, 0.105)"
2026-09-08 02:33:20,motion_command,object_blue_1,blue,r2c1,blue_sort_bin,,"pose=lift_clear,gripper=0.120"
2026-09-08 02:33:21,motion_command,object_blue_1,blue,r2c1,blue_sort_bin,,"pose=lift_clear,gripper=0.120"
2026-09-08 02:33:22,object_complete,object_blue_1,blue,r2c1,blue_sort_bin,passed,pick-place sequence complete
2026-09-08 02:33:22,motion_command,object_blue_2,blue,r3c2,blue_sort_bin,,"pose=pick_above,gripper=0.120"
2026-09-08 02:33:23,motion_command,object_blue_2,blue,r3c2,blue_sort_bin,,"pose=pick_down,gripper=0.120"
2026-09-08 02:33:25,motion_command,object_blue_2,blue,r3c2,blue_sort_bin,,"pose=pick_down,gripper=-0.550"
2026-09-08 02:33:26,grasp_attached,object_blue_2,blue,r3c2,blue_sort_bin,passed,selected object attached to gripper pose
2026-09-08 02:33:26,motion_command,object_blue_2,blue,r3c2,blue_sort_bin,,"pose=lift,gripper=-0.550"
2026-09-08 02:33:27,motion_command,object_blue_2,blue,r3c2,blue_sort_bin,,"pose=place_above,gripper=-0.550"
2026-09-08 02:33:28,motion_command,object_blue_2,blue,r3c2,blue_sort_bin,,"pose=place_down,gripper=-0.550"
2026-09-08 02:33:30,release,object_blue_2,blue,r3c2,blue_sort_bin,passed,"destination=(0.46, -0.16, 0.105)"
2026-09-08 02:33:30,motion_command,object_blue_2,blue,r3c2,blue_sort_bin,,"pose=lift_clear,gripper=0.120"
2026-09-08 02:33:31,motion_command,object_blue_2,blue,r3c2,blue_sort_bin,,"pose=lift_clear,gripper=0.120"
2026-09-08 02:33:32,object_complete,object_blue_2,blue,r3c2,blue_sort_bin,passed,pick-place sequence complete
2026-09-08 02:33:32,motion_command,object_blue_3,blue,r1c2,blue_sort_bin,,"pose=pick_above,gripper=0.120"
2026-09-08 02:33:33,motion_command,object_blue_3,blue,r1c2,blue_sort_bin,,"pose=pick_down,gripper=0.120"
2026-09-08 02:33:35,motion_command,object_blue_3,blue,r1c2,blue_sort_bin,,"pose=pick_down,gripper=-0.550"
2026-09-08 02:33:36,grasp_attached,object_blue_3,blue,r1c2,blue_sort_bin,passed,selected object attached to gripper pose
2026-09-08 02:33:36,motion_command,object_blue_3,blue,r1c2,blue_sort_bin,,"pose=lift,gripper=-0.550"
2026-09-08 02:33:37,motion_command,object_blue_3,blue,r1c2,blue_sort_bin,,"pose=place_above,gripper=-0.550"
2026-09-08 02:33:39,motion_command,object_blue_3,blue,r1c2,blue_sort_bin,,"pose=place_down,gripper=-0.550"
2026-09-08 02:33:40,release,object_blue_3,blue,r1c2,blue_sort_bin,passed,"destination=(0.46, -0.16, 0.105)"
2026-09-08 02:33:40,motion_command,object_blue_3,blue,r1c2,blue_sort_bin,,"pose=lift_clear,gripper=0.120"
2026-09-08 02:33:41,motion_command,object_blue_3,blue,r1c2,blue_sort_bin,,"pose=lift_clear,gripper=0.120"
2026-09-08 02:33:42,object_complete,object_blue_3,blue,r1c2,blue_sort_bin,passed,pick-place sequence complete
2026-09-08 02:33:42,motion_command,object_red_1,red,r3c1,red_sort_bin,,"pose=pick_above,gripper=0.120"
2026-09-08 02:33:44,motion_command,object_red_1,red,r3c1,red_sort_bin,,"pose=pick_down,gripper=0.120"
2026-09-08 02:33:45,motion_command,object_red_1,red,r3c1,red_sort_bin,,"pose=pick_down,gripper=-0.550"
2026-09-08 02:33:46,grasp_attached,object_red_1,red,r3c1,red_sort_bin,passed,selected object attached to gripper pose
2026-09-08 02:33:46,motion_command,object_red_1,red,r3c1,red_sort_bin,,"pose=lift,gripper=-0.550"
2026-09-08 02:33:47,motion_command,object_red_1,red,r3c1,red_sort_bin,,"pose=place_above,gripper=-0.550"
2026-09-08 02:33:49,motion_command,object_red_1,red,r3c1,red_sort_bin,,"pose=place_down,gripper=-0.550"
2026-09-08 02:33:50,release,object_red_1,red,r3c1,red_sort_bin,passed,"destination=(0.46, 0.16, 0.105)"
2026-09-08 02:33:50,motion_command,object_red_1,red,r3c1,red_sort_bin,,"pose=lift_clear,gripper=0.120"
2026-09-08 02:33:51,motion_command,object_red_1,red,r3c1,red_sort_bin,,"pose=lift_clear,gripper=0.120"
2026-09-08 02:33:53,object_complete,object_red_1,red,r3c1,red_sort_bin,passed,pick-place sequence complete
2026-09-08 02:33:53,motion_command,object_red_2,red,r1c1,red_sort_bin,,"pose=pick_above,gripper=0.120"
2026-09-08 02:33:54,motion_command,object_red_2,red,r1c1,red_sort_bin,,"pose=pick_down,gripper=0.120"
2026-09-08 02:33:55,motion_command,object_red_2,red,r1c1,red_sort_bin,,"pose=pick_down,gripper=-0.550"
2026-09-08 02:33:56,grasp_attached,object_red_2,red,r1c1,red_sort_bin,passed,selected object attached to gripper pose
2026-09-08 02:33:56,motion_command,object_red_2,red,r1c1,red_sort_bin,,"pose=lift,gripper=-0.550"
2026-09-08 02:33:58,motion_command,object_red_2,red,r1c1,red_sort_bin,,"pose=place_above,gripper=-0.550"
2026-09-08 02:33:59,motion_command,object_red_2,red,r1c1,red_sort_bin,,"pose=place_down,gripper=-0.550"
2026-09-08 02:34:00,release,object_red_2,red,r1c1,red_sort_bin,passed,"destination=(0.46, 0.16, 0.105)"
2026-09-08 02:34:00,motion_command,object_red_2,red,r1c1,red_sort_bin,,"pose=lift_clear,gripper=0.120"
2026-09-08 02:34:01,motion_command,object_red_2,red,r1c1,red_sort_bin,,"pose=lift_clear,gripper=0.120"
2026-09-08 02:34:03,object_complete,object_red_2,red,r1c1,red_sort_bin,passed,pick-place sequence complete
2026-09-08 02:34:03,motion_command,object_red_3,red,r2c2,red_sort_bin,,"pose=pick_above,gripper=0.120"
2026-09-08 02:34:04,motion_command,object_red_3,red,r2c2,red_sort_bin,,"pose=pick_down,gripper=0.120"
2026-09-08 02:34:05,motion_command,object_red_3,red,r2c2,red_sort_bin,,"pose=pick_down,gripper=-0.550"
2026-09-08 02:34:06,grasp_attached,object_red_3,red,r2c2,red_sort_bin,passed,selected object attached to gripper pose
2026-09-08 02:34:06,motion_command,object_red_3,red,r2c2,red_sort_bin,,"pose=lift,gripper=-0.550"
2026-09-08 02:34:08,motion_command,object_red_3,red,r2c2,red_sort_bin,,"pose=place_above,gripper=-0.550"
2026-09-08 02:34:09,motion_command,object_red_3,red,r2c2,red_sort_bin,,"pose=place_down,gripper=-0.550"
2026-09-08 02:34:10,release,object_red_3,red,r2c2,red_sort_bin,passed,"destination=(0.46, 0.16, 0.105)"
2026-09-08 02:34:10,motion_command,object_red_3,red,r2c2,red_sort_bin,,"pose=lift_clear,gripper=0.120"
2026-09-08 02:34:11,motion_command,object_red_3,red,r2c2,red_sort_bin,,"pose=lift_clear,gripper=0.120"
2026-09-08 02:34:13,object_complete,object_red_3,red,r2c2,red_sort_bin,passed,pick-place sequence complete
2026-09-08 02:34:13,task_result,,,,,passed,"{""status"":""passed"",""success_count"":6,""count"":6,""results"":[{""object_id"":""object_blue_1"",""class"":""blue"",""grid"":""r2c1"",""destination"":""blue_sort_bin"",""status"":""passed""},{""object_id"":""object_blue_2"",""class"":""blue"",""grid"":""r3c2"",""destination"":""blue_sort_bin"",""status"":""passed""},{""object_id"":""object_blue_3"",""class"":""blue"",""grid"":""r1c2"",""destination"":""blue_sort_bin"",""status"":""passed""},{""object_id"":""object_red_1"",""class"":""red"",""grid"":""r3c1"",""destination"":""red_sort_bin"",""status"":""passed""},{""object_id"":""object_red_2"",""class"":""red"",""grid"":""r1c1"",""destination"":""red_sort_bin"",""status"":""passed""},{""object_id"":""object_red_3"",""class"":""red"",""grid"":""r2c2"",""destination"":""red_sort_bin"",""status"":""passed""}]}"
2026-09-08 03:11:47,motion_command,object_blue_1,blue,r2c1,blue_sort_bin,,"pose=pick_above,gripper=0.120"
2026-09-08 03:11:48,motion_command,object_blue_1,blue,r2c1,blue_sort_bin,,"pose=pick_down,gripper=0.120"
2026-09-08 03:11:49,motion_command,object_blue_1,blue,r2c1,blue_sort_bin,,"pose=pick_grasp,gripper=-0.550"
2026-09-08 03:11:50,grasp_attached,object_blue_1,blue,r2c1,blue_sort_bin,passed,selected object attached to gripper pose
2026-09-08 03:11:50,motion_command,object_blue_1,blue,r2c1,blue_sort_bin,,"pose=lift,gripper=-0.550"
2026-09-08 03:11:52,motion_command,object_blue_1,blue,r2c1,blue_sort_bin,,"pose=place_above,gripper=-0.550"
2026-09-08 03:11:53,motion_command,object_blue_1,blue,r2c1,blue_sort_bin,,"pose=place_down,gripper=-0.550"
2026-09-08 03:11:54,release,object_blue_1,blue,r2c1,blue_sort_bin,passed,"destination=(0.43, -0.12, 0.105)"
2026-09-08 03:11:54,motion_command,object_blue_1,blue,r2c1,blue_sort_bin,,"pose=lift_clear,gripper=0.120"
2026-09-08 03:11:56,motion_command,object_blue_1,blue,r2c1,blue_sort_bin,,"pose=lift_clear,gripper=0.120"
2026-09-08 03:11:57,object_complete,object_blue_1,blue,r2c1,blue_sort_bin,passed,pick-place sequence complete
2026-09-08 03:11:57,motion_command,object_blue_2,blue,r3c2,blue_sort_bin,,"pose=pick_above,gripper=0.120"
2026-09-08 03:11:58,motion_command,object_blue_2,blue,r3c2,blue_sort_bin,,"pose=pick_down,gripper=0.120"
2026-09-08 03:11:59,motion_command,object_blue_2,blue,r3c2,blue_sort_bin,,"pose=pick_grasp,gripper=-0.550"
2026-09-08 03:12:01,grasp_attached,object_blue_2,blue,r3c2,blue_sort_bin,passed,selected object attached to gripper pose
2026-09-08 03:12:01,motion_command,object_blue_2,blue,r3c2,blue_sort_bin,,"pose=lift,gripper=-0.550"
2026-09-08 03:12:02,motion_command,object_blue_2,blue,r3c2,blue_sort_bin,,"pose=place_above,gripper=-0.550"
2026-09-08 03:12:03,motion_command,object_blue_2,blue,r3c2,blue_sort_bin,,"pose=place_down,gripper=-0.550"
2026-09-08 03:12:05,release,object_blue_2,blue,r3c2,blue_sort_bin,passed,"destination=(0.49, -0.12, 0.105)"
2026-09-08 03:12:05,motion_command,object_blue_2,blue,r3c2,blue_sort_bin,,"pose=lift_clear,gripper=0.120"
2026-09-08 03:12:06,motion_command,object_blue_2,blue,r3c2,blue_sort_bin,,"pose=lift_clear,gripper=0.120"
2026-09-08 03:12:07,object_complete,object_blue_2,blue,r3c2,blue_sort_bin,passed,pick-place sequence complete
2026-09-08 03:12:07,motion_command,object_blue_3,blue,r1c2,blue_sort_bin,,"pose=pick_above,gripper=0.120"
2026-09-08 03:12:08,motion_command,object_blue_3,blue,r1c2,blue_sort_bin,,"pose=pick_down,gripper=0.120"
2026-09-08 03:12:10,motion_command,object_blue_3,blue,r1c2,blue_sort_bin,,"pose=pick_grasp,gripper=-0.550"
2026-09-08 03:12:11,grasp_attached,object_blue_3,blue,r1c2,blue_sort_bin,passed,selected object attached to gripper pose
2026-09-08 03:12:11,motion_command,object_blue_3,blue,r1c2,blue_sort_bin,,"pose=lift,gripper=-0.550"
2026-09-08 03:12:12,motion_command,object_blue_3,blue,r1c2,blue_sort_bin,,"pose=place_above,gripper=-0.550"
2026-09-08 03:12:13,motion_command,object_blue_3,blue,r1c2,blue_sort_bin,,"pose=place_down,gripper=-0.550"
2026-09-08 03:12:15,release,object_blue_3,blue,r1c2,blue_sort_bin,passed,"destination=(0.46, -0.2, 0.105)"
2026-09-08 03:12:15,motion_command,object_blue_3,blue,r1c2,blue_sort_bin,,"pose=lift_clear,gripper=0.120"
2026-09-08 03:12:16,motion_command,object_blue_3,blue,r1c2,blue_sort_bin,,"pose=lift_clear,gripper=0.120"
2026-09-08 03:12:17,object_complete,object_blue_3,blue,r1c2,blue_sort_bin,passed,pick-place sequence complete
2026-09-08 03:12:17,motion_command,object_red_1,red,r3c1,red_sort_bin,,"pose=pick_above,gripper=0.120"
2026-09-08 03:12:18,motion_command,object_red_1,red,r3c1,red_sort_bin,,"pose=pick_down,gripper=0.120"
2026-09-08 03:12:20,motion_command,object_red_1,red,r3c1,red_sort_bin,,"pose=pick_grasp,gripper=-0.550"
2026-09-08 03:12:21,grasp_attached,object_red_1,red,r3c1,red_sort_bin,passed,selected object attached to gripper pose
2026-09-08 03:12:21,motion_command,object_red_1,red,r3c1,red_sort_bin,,"pose=lift,gripper=-0.550"
2026-09-08 03:12:22,motion_command,object_red_1,red,r3c1,red_sort_bin,,"pose=place_above,gripper=-0.550"
2026-09-08 03:12:23,motion_command,object_red_1,red,r3c1,red_sort_bin,,"pose=place_down,gripper=-0.550"
2026-09-08 03:12:25,release,object_red_1,red,r3c1,red_sort_bin,passed,"destination=(0.43, 0.12, 0.105)"
2026-09-08 03:12:25,motion_command,object_red_1,red,r3c1,red_sort_bin,,"pose=lift_clear,gripper=0.120"
2026-09-08 03:12:26,motion_command,object_red_1,red,r3c1,red_sort_bin,,"pose=lift_clear,gripper=0.120"
2026-09-08 03:12:27,object_complete,object_red_1,red,r3c1,red_sort_bin,passed,pick-place sequence complete
2026-09-08 03:12:27,motion_command,object_red_2,red,r1c1,red_sort_bin,,"pose=pick_above,gripper=0.120"
2026-09-08 03:12:28,motion_command,object_red_2,red,r1c1,red_sort_bin,,"pose=pick_down,gripper=0.120"
2026-09-08 03:12:30,motion_command,object_red_2,red,r1c1,red_sort_bin,,"pose=pick_grasp,gripper=-0.550"
2026-09-08 03:12:31,grasp_attached,object_red_2,red,r1c1,red_sort_bin,passed,selected object attached to gripper pose
2026-09-08 03:12:31,motion_command,object_red_2,red,r1c1,red_sort_bin,,"pose=lift,gripper=-0.550"
2026-09-08 03:12:32,motion_command,object_red_2,red,r1c1,red_sort_bin,,"pose=place_above,gripper=-0.550"
2026-09-08 03:12:33,motion_command,object_red_2,red,r1c1,red_sort_bin,,"pose=place_down,gripper=-0.550"
2026-09-08 03:12:35,release,object_red_2,red,r1c1,red_sort_bin,passed,"destination=(0.49, 0.12, 0.105)"
2026-09-08 03:12:35,motion_command,object_red_2,red,r1c1,red_sort_bin,,"pose=lift_clear,gripper=0.120"
2026-09-08 03:12:36,motion_command,object_red_2,red,r1c1,red_sort_bin,,"pose=lift_clear,gripper=0.120"
2026-09-08 03:12:37,object_complete,object_red_2,red,r1c1,red_sort_bin,passed,pick-place sequence complete
2026-09-08 03:12:37,motion_command,object_red_3,red,r2c2,red_sort_bin,,"pose=pick_above,gripper=0.120"
2026-09-08 03:12:38,motion_command,object_red_3,red,r2c2,red_sort_bin,,"pose=pick_down,gripper=0.120"
2026-09-08 03:12:40,motion_command,object_red_3,red,r2c2,red_sort_bin,,"pose=pick_grasp,gripper=-0.550"
2026-09-08 03:12:41,grasp_attached,object_red_3,red,r2c2,red_sort_bin,passed,selected object attached to gripper pose
2026-09-08 03:12:41,motion_command,object_red_3,red,r2c2,red_sort_bin,,"pose=lift,gripper=-0.550"
2026-09-08 03:12:42,motion_command,object_red_3,red,r2c2,red_sort_bin,,"pose=place_above,gripper=-0.550"
2026-09-08 03:12:43,motion_command,object_red_3,red,r2c2,red_sort_bin,,"pose=place_down,gripper=-0.550"
2026-09-08 03:12:45,release,object_red_3,red,r2c2,red_sort_bin,passed,"destination=(0.46, 0.2, 0.105)"
2026-09-08 03:12:45,motion_command,object_red_3,red,r2c2,red_sort_bin,,"pose=lift_clear,gripper=0.120"
2026-09-08 03:12:46,motion_command,object_red_3,red,r2c2,red_sort_bin,,"pose=lift_clear,gripper=0.120"
2026-09-08 03:12:47,object_complete,object_red_3,red,r2c2,red_sort_bin,passed,pick-place sequence complete
2026-09-08 03:12:47,task_result,,,,,passed,"{""status"":""passed"",""success_count"":6,""count"":6,""results"":[{""object_id"":""object_blue_1"",""class"":""blue"",""grid"":""r2c1"",""destination"":""blue_sort_bin"",""status"":""passed""},{""object_id"":""object_blue_2"",""class"":""blue"",""grid"":""r3c2"",""destination"":""blue_sort_bin"",""status"":""passed""},{""object_id"":""object_blue_3"",""class"":""blue"",""grid"":""r1c2"",""destination"":""blue_sort_bin"",""status"":""passed""},{""object_id"":""object_red_1"",""class"":""red"",""grid"":""r3c1"",""destination"":""red_sort_bin"",""status"":""passed""},{""object_id"":""object_red_2"",""class"":""red"",""grid"":""r1c1"",""destination"":""red_sort_bin"",""status"":""passed""},{""object_id"":""object_red_3"",""class"":""red"",""grid"":""r2c2"",""destination"":""red_sort_bin"",""status"":""passed""}]}"
2026-09-08 03:47:29,motion_command,object_blue_1,blue,r3c1,blue_sort_bin,,"pose=pick_above,gripper=0.120"
2026-09-08 03:47:30,motion_command,object_blue_1,blue,r3c1,blue_sort_bin,,"pose=pick_down,gripper=0.120"
2026-09-08 03:47:32,motion_command,object_blue_1,blue,r3c1,blue_sort_bin,,"pose=pick_grasp,gripper=-0.550"
2026-09-08 03:47:33,grasp_attached,object_blue_1,blue,r3c1,blue_sort_bin,passed,selected object attached to gripper pose
2026-09-08 03:47:33,motion_command,object_blue_1,blue,r3c1,blue_sort_bin,,"pose=lift,gripper=-0.550"
2026-09-08 03:47:34,motion_command,object_blue_1,blue,r3c1,blue_sort_bin,,"pose=place_above,gripper=-0.550"
2026-09-08 03:47:36,motion_command,object_blue_1,blue,r3c1,blue_sort_bin,,"pose=place_down,gripper=-0.550"
2026-09-08 03:47:37,release,object_blue_1,blue,r3c1,blue_sort_bin,passed,"destination=(0.235, -0.15, 0.105)"
2026-09-08 03:47:37,motion_command,object_blue_1,blue,r3c1,blue_sort_bin,,"pose=lift_clear,gripper=0.120"
2026-09-08 03:47:38,motion_command,object_blue_1,blue,r3c1,blue_sort_bin,,"pose=lift_clear,gripper=0.120"
2026-09-08 03:47:39,object_complete,object_blue_1,blue,r3c1,blue_sort_bin,passed,pick-place sequence complete
2026-09-08 03:47:39,motion_command,object_blue_3,blue,r3c2,blue_sort_bin,,"pose=pick_above,gripper=0.120"
2026-09-08 03:47:41,motion_command,object_blue_3,blue,r3c2,blue_sort_bin,,"pose=pick_down,gripper=0.120"
2026-09-08 03:47:42,motion_command,object_blue_3,blue,r3c2,blue_sort_bin,,"pose=pick_grasp,gripper=-0.550"
2026-09-08 03:47:43,grasp_attached,object_blue_3,blue,r3c2,blue_sort_bin,passed,selected object attached to gripper pose
2026-09-08 03:47:43,motion_command,object_blue_3,blue,r3c2,blue_sort_bin,,"pose=lift,gripper=-0.550"
2026-09-08 03:47:44,motion_command,object_blue_3,blue,r3c2,blue_sort_bin,,"pose=place_above,gripper=-0.550"
2026-09-08 03:47:46,motion_command,object_blue_3,blue,r3c2,blue_sort_bin,,"pose=place_down,gripper=-0.550"
2026-09-08 03:47:47,release,object_blue_3,blue,r3c2,blue_sort_bin,passed,"destination=(0.26, -0.12, 0.105)"
2026-09-08 03:47:47,motion_command,object_blue_3,blue,r3c2,blue_sort_bin,,"pose=lift_clear,gripper=0.120"
2026-09-08 03:47:48,motion_command,object_blue_3,blue,r3c2,blue_sort_bin,,"pose=lift_clear,gripper=0.120"
2026-09-08 03:47:49,object_complete,object_blue_3,blue,r3c2,blue_sort_bin,passed,pick-place sequence complete
2026-09-08 03:47:49,task_result,,,,,failed,"{""status"":""failed"",""success_count"":2,""count"":2,""results"":[{""object_id"":""object_blue_1"",""class"":""blue"",""grid"":""r3c1"",""destination"":""blue_sort_bin"",""status"":""passed""},{""object_id"":""object_blue_3"",""class"":""blue"",""grid"":""r3c2"",""destination"":""blue_sort_bin"",""status"":""passed""}]}"
2026-09-08 03:51:18,motion_command,object_blue_1,blue,r2c1,blue_sort_bin,,"pose=pick_above,gripper=0.120"
2026-09-08 03:51:20,motion_command,object_blue_1,blue,r2c1,blue_sort_bin,,"pose=pick_down,gripper=0.120"
2026-09-08 03:51:21,motion_command,object_blue_1,blue,r2c1,blue_sort_bin,,"pose=pick_grasp,gripper=-0.550"
2026-09-08 03:51:22,grasp_attached,object_blue_1,blue,r2c1,blue_sort_bin,passed,selected object attached to gripper pose
2026-09-08 03:51:22,motion_command,object_blue_1,blue,r2c1,blue_sort_bin,,"pose=lift,gripper=-0.550"
2026-09-08 03:51:23,motion_command,object_blue_1,blue,r2c1,blue_sort_bin,,"pose=place_above,gripper=-0.550"
2026-09-08 03:51:25,motion_command,object_blue_1,blue,r2c1,blue_sort_bin,,"pose=place_down,gripper=-0.550"
2026-09-08 03:51:26,release,object_blue_1,blue,r2c1,blue_sort_bin,passed,"destination=(0.235, -0.15, 0.105)"
2026-09-08 03:51:26,motion_command,object_blue_1,blue,r2c1,blue_sort_bin,,"pose=lift_clear,gripper=0.120"
2026-09-08 03:51:27,motion_command,object_blue_1,blue,r2c1,blue_sort_bin,,"pose=lift_clear,gripper=0.120"
2026-09-08 03:51:29,object_complete,object_blue_1,blue,r2c1,blue_sort_bin,passed,pick-place sequence complete
2026-09-08 03:51:29,motion_command,object_blue_2,blue,r3c2,blue_sort_bin,,"pose=pick_above,gripper=0.120"
2026-09-08 03:51:30,motion_command,object_blue_2,blue,r3c2,blue_sort_bin,,"pose=pick_down,gripper=0.120"
2026-09-08 03:51:31,motion_command,object_blue_2,blue,r3c2,blue_sort_bin,,"pose=pick_grasp,gripper=-0.550"
2026-09-08 03:51:32,grasp_attached,object_blue_2,blue,r3c2,blue_sort_bin,passed,selected object attached to gripper pose
2026-09-08 03:51:32,motion_command,object_blue_2,blue,r3c2,blue_sort_bin,,"pose=lift,gripper=-0.550"
2026-09-08 03:51:34,motion_command,object_blue_2,blue,r3c2,blue_sort_bin,,"pose=place_above,gripper=-0.550"
2026-09-08 03:51:35,motion_command,object_blue_2,blue,r3c2,blue_sort_bin,,"pose=place_down,gripper=-0.550"
2026-09-08 03:51:36,release,object_blue_2,blue,r3c2,blue_sort_bin,passed,"destination=(0.26, -0.12, 0.105)"
2026-09-08 03:51:36,motion_command,object_blue_2,blue,r3c2,blue_sort_bin,,"pose=lift_clear,gripper=0.120"
2026-09-08 03:51:37,motion_command,object_blue_2,blue,r3c2,blue_sort_bin,,"pose=lift_clear,gripper=0.120"
2026-09-08 03:51:39,object_complete,object_blue_2,blue,r3c2,blue_sort_bin,passed,pick-place sequence complete
2026-09-08 03:51:39,motion_command,object_blue_3,blue,r1c2,blue_sort_bin,,"pose=pick_above,gripper=0.120"
2026-09-08 03:51:40,motion_command,object_blue_3,blue,r1c2,blue_sort_bin,,"pose=pick_down,gripper=0.120"
2026-09-08 03:51:41,motion_command,object_blue_3,blue,r1c2,blue_sort_bin,,"pose=pick_grasp,gripper=-0.550"
2026-09-08 03:51:42,grasp_attached,object_blue_3,blue,r1c2,blue_sort_bin,passed,selected object attached to gripper pose
2026-09-08 03:51:42,motion_command,object_blue_3,blue,r1c2,blue_sort_bin,,"pose=lift,gripper=-0.550"
2026-09-08 03:51:44,motion_command,object_blue_3,blue,r1c2,blue_sort_bin,,"pose=place_above,gripper=-0.550"
2026-09-08 03:51:45,motion_command,object_blue_3,blue,r1c2,blue_sort_bin,,"pose=place_down,gripper=-0.550"
2026-09-08 03:51:46,release,object_blue_3,blue,r1c2,blue_sort_bin,passed,"destination=(0.285, -0.09, 0.105)"
2026-09-08 03:51:46,motion_command,object_blue_3,blue,r1c2,blue_sort_bin,,"pose=lift_clear,gripper=0.120"
2026-09-08 03:51:48,motion_command,object_blue_3,blue,r1c2,blue_sort_bin,,"pose=lift_clear,gripper=0.120"
2026-09-08 03:51:49,object_complete,object_blue_3,blue,r1c2,blue_sort_bin,passed,pick-place sequence complete
2026-09-08 03:51:49,motion_command,object_red_1,red,r3c1,red_sort_bin,,"pose=pick_above,gripper=0.120"
2026-09-08 03:51:50,motion_command,object_red_1,red,r3c1,red_sort_bin,,"pose=pick_down,gripper=0.120"
2026-09-08 03:51:51,motion_command,object_red_1,red,r3c1,red_sort_bin,,"pose=pick_grasp,gripper=-0.550"
2026-09-08 03:51:53,grasp_attached,object_red_1,red,r3c1,red_sort_bin,passed,selected object attached to gripper pose
2026-09-08 03:51:53,motion_command,object_red_1,red,r3c1,red_sort_bin,,"pose=lift,gripper=-0.550"
2026-09-08 03:51:54,motion_command,object_red_1,red,r3c1,red_sort_bin,,"pose=place_above,gripper=-0.550"
2026-09-08 03:51:55,motion_command,object_red_1,red,r3c1,red_sort_bin,,"pose=place_down,gripper=-0.550"
2026-09-08 03:51:56,release,object_red_1,red,r3c1,red_sort_bin,passed,"destination=(0.115, -0.15, 0.105)"
2026-09-08 03:51:56,motion_command,object_red_1,red,r3c1,red_sort_bin,,"pose=lift_clear,gripper=0.120"
2026-09-08 03:51:58,motion_command,object_red_1,red,r3c1,red_sort_bin,,"pose=lift_clear,gripper=0.120"
2026-09-08 03:51:59,object_complete,object_red_1,red,r3c1,red_sort_bin,passed,pick-place sequence complete
2026-09-08 03:51:59,motion_command,object_red_2,red,r1c1,red_sort_bin,,"pose=pick_above,gripper=0.120"
2026-09-08 03:52:00,motion_command,object_red_2,red,r1c1,red_sort_bin,,"pose=pick_down,gripper=0.120"
2026-09-08 03:52:01,motion_command,object_red_2,red,r1c1,red_sort_bin,,"pose=pick_grasp,gripper=-0.550"
2026-09-08 03:52:03,grasp_attached,object_red_2,red,r1c1,red_sort_bin,passed,selected object attached to gripper pose
2026-09-08 03:52:03,motion_command,object_red_2,red,r1c1,red_sort_bin,,"pose=lift,gripper=-0.550"
2026-09-08 03:52:04,motion_command,object_red_2,red,r1c1,red_sort_bin,,"pose=place_above,gripper=-0.550"
2026-09-08 03:52:05,motion_command,object_red_2,red,r1c1,red_sort_bin,,"pose=place_down,gripper=-0.550"
2026-09-08 03:52:06,release,object_red_2,red,r1c1,red_sort_bin,passed,"destination=(0.14, -0.12, 0.105)"
2026-09-08 03:52:06,motion_command,object_red_2,red,r1c1,red_sort_bin,,"pose=lift_clear,gripper=0.120"
2026-09-08 03:52:08,motion_command,object_red_2,red,r1c1,red_sort_bin,,"pose=lift_clear,gripper=0.120"
2026-09-08 03:52:09,object_complete,object_red_2,red,r1c1,red_sort_bin,passed,pick-place sequence complete
2026-09-08 03:52:09,motion_command,object_red_3,red,r2c2,red_sort_bin,,"pose=pick_above,gripper=0.120"
2026-09-08 03:52:10,motion_command,object_red_3,red,r2c2,red_sort_bin,,"pose=pick_down,gripper=0.120"
2026-09-08 03:52:11,motion_command,object_red_3,red,r2c2,red_sort_bin,,"pose=pick_grasp,gripper=-0.550"
2026-09-08 03:52:13,grasp_attached,object_red_3,red,r2c2,red_sort_bin,passed,selected object attached to gripper pose
2026-09-08 03:52:13,motion_command,object_red_3,red,r2c2,red_sort_bin,,"pose=lift,gripper=-0.550"
2026-09-08 03:52:14,motion_command,object_red_3,red,r2c2,red_sort_bin,,"pose=place_above,gripper=-0.550"
2026-09-08 03:52:15,motion_command,object_red_3,red,r2c2,red_sort_bin,,"pose=place_down,gripper=-0.550"
2026-09-08 03:52:17,release,object_red_3,red,r2c2,red_sort_bin,passed,"destination=(0.165, -0.09, 0.105)"
2026-09-08 03:52:17,motion_command,object_red_3,red,r2c2,red_sort_bin,,"pose=lift_clear,gripper=0.120"
2026-09-08 03:52:18,motion_command,object_red_3,red,r2c2,red_sort_bin,,"pose=lift_clear,gripper=0.120"
2026-09-08 03:52:19,object_complete,object_red_3,red,r2c2,red_sort_bin,passed,pick-place sequence complete
2026-09-08 03:52:19,task_result,,,,,passed,"{""status"":""passed"",""success_count"":6,""count"":6,""results"":[{""object_id"":""object_blue_1"",""class"":""blue"",""grid"":""r2c1"",""destination"":""blue_sort_bin"",""status"":""passed""},{""object_id"":""object_blue_2"",""class"":""blue"",""grid"":""r3c2"",""destination"":""blue_sort_bin"",""status"":""passed""},{""object_id"":""object_blue_3"",""class"":""blue"",""grid"":""r1c2"",""destination"":""blue_sort_bin"",""status"":""passed""},{""object_id"":""object_red_1"",""class"":""red"",""grid"":""r3c1"",""destination"":""red_sort_bin"",""status"":""passed""},{""object_id"":""object_red_2"",""class"":""red"",""grid"":""r1c1"",""destination"":""red_sort_bin"",""status"":""passed""},{""object_id"":""object_red_3"",""class"":""red"",""grid"":""r2c2"",""destination"":""red_sort_bin"",""status"":""passed""}]}"
2026-09-08 05:52:03,motion_command,object_blue_1,blue,r2c1,blue_sort_bin,,"pose=pick_above,gripper=0.120"
2026-09-08 05:52:04,motion_command,object_blue_1,blue,r2c1,blue_sort_bin,,"pose=pick_down,gripper=0.120"
2026-09-08 05:52:05,motion_command,object_blue_1,blue,r2c1,blue_sort_bin,,"pose=pick_grasp,gripper=-0.550"
2026-09-08 05:52:06,grasp_attached,object_blue_1,blue,r2c1,blue_sort_bin,passed,selected object attached to gripper pose
2026-09-08 05:52:06,motion_command,object_blue_1,blue,r2c1,blue_sort_bin,,"pose=lift,gripper=-0.550"
2026-09-08 05:52:08,motion_command,object_blue_1,blue,r2c1,blue_sort_bin,,"pose=place_above,gripper=-0.550"
2026-09-08 05:52:09,motion_command,object_blue_1,blue,r2c1,blue_sort_bin,,"pose=place_down,gripper=-0.550"
2026-09-08 05:52:10,release,object_blue_1,blue,r2c1,blue_sort_bin,passed,"destination=(0.235, -0.15, 0.105)"
2026-09-08 05:52:10,motion_command,object_blue_1,blue,r2c1,blue_sort_bin,,"pose=lift_clear,gripper=0.120"
2026-09-08 05:52:12,motion_command,object_blue_1,blue,r2c1,blue_sort_bin,,"pose=lift_clear,gripper=0.120"
2026-09-08 05:52:13,object_complete,object_blue_1,blue,r2c1,blue_sort_bin,passed,pick-place sequence complete
2026-09-08 05:52:13,motion_command,object_blue_2,blue,r3c2,blue_sort_bin,,"pose=pick_above,gripper=0.120"
2026-09-08 05:52:14,motion_command,object_blue_2,blue,r3c2,blue_sort_bin,,"pose=pick_down,gripper=0.120"
2026-09-08 05:52:15,motion_command,object_blue_2,blue,r3c2,blue_sort_bin,,"pose=pick_grasp,gripper=-0.550"
2026-09-08 05:52:17,grasp_attached,object_blue_2,blue,r3c2,blue_sort_bin,passed,selected object attached to gripper pose
2026-09-08 05:52:17,motion_command,object_blue_2,blue,r3c2,blue_sort_bin,,"pose=lift,gripper=-0.550"
2026-09-08 05:52:18,motion_command,object_blue_2,blue,r3c2,blue_sort_bin,,"pose=place_above,gripper=-0.550"
2026-09-08 05:52:19,motion_command,object_blue_2,blue,r3c2,blue_sort_bin,,"pose=place_down,gripper=-0.550"
2026-09-08 05:52:20,release,object_blue_2,blue,r3c2,blue_sort_bin,passed,"destination=(0.26, -0.12, 0.105)"
2026-09-08 05:52:20,motion_command,object_blue_2,blue,r3c2,blue_sort_bin,,"pose=lift_clear,gripper=0.120"
2026-09-08 05:52:22,motion_command,object_blue_2,blue,r3c2,blue_sort_bin,,"pose=lift_clear,gripper=0.120"
2026-09-08 05:52:23,object_complete,object_blue_2,blue,r3c2,blue_sort_bin,passed,pick-place sequence complete
2026-09-08 05:52:23,motion_command,object_blue_3,blue,r1c2,blue_sort_bin,,"pose=pick_above,gripper=0.120"
2026-09-08 05:52:24,motion_command,object_blue_3,blue,r1c2,blue_sort_bin,,"pose=pick_down,gripper=0.120"
2026-09-08 05:52:25,motion_command,object_blue_3,blue,r1c2,blue_sort_bin,,"pose=pick_grasp,gripper=-0.550"
2026-09-08 05:52:27,grasp_attached,object_blue_3,blue,r1c2,blue_sort_bin,passed,selected object attached to gripper pose
2026-09-08 05:52:27,motion_command,object_blue_3,blue,r1c2,blue_sort_bin,,"pose=lift,gripper=-0.550"
2026-09-08 05:52:28,motion_command,object_blue_3,blue,r1c2,blue_sort_bin,,"pose=place_above,gripper=-0.550"
2026-09-08 05:52:29,motion_command,object_blue_3,blue,r1c2,blue_sort_bin,,"pose=place_down,gripper=-0.550"
2026-09-08 05:52:30,release,object_blue_3,blue,r1c2,blue_sort_bin,passed,"destination=(0.285, -0.09, 0.105)"
2026-09-08 05:52:31,motion_command,object_blue_3,blue,r1c2,blue_sort_bin,,"pose=lift_clear,gripper=0.120"
2026-09-08 05:52:32,motion_command,object_blue_3,blue,r1c2,blue_sort_bin,,"pose=lift_clear,gripper=0.120"
2026-09-08 05:52:33,object_complete,object_blue_3,blue,r1c2,blue_sort_bin,passed,pick-place sequence complete
2026-09-08 05:52:33,motion_command,object_red_1,red,r3c1,red_sort_bin,,"pose=pick_above,gripper=0.120"
2026-09-08 05:52:34,motion_command,object_red_1,red,r3c1,red_sort_bin,,"pose=pick_down,gripper=0.120"
2026-09-08 05:52:35,motion_command,object_red_1,red,r3c1,red_sort_bin,,"pose=pick_grasp,gripper=-0.550"
2026-09-08 05:52:37,grasp_attached,object_red_1,red,r3c1,red_sort_bin,passed,selected object attached to gripper pose
2026-09-08 05:52:37,motion_command,object_red_1,red,r3c1,red_sort_bin,,"pose=lift,gripper=-0.550"
2026-09-08 05:52:38,motion_command,object_red_1,red,r3c1,red_sort_bin,,"pose=place_above,gripper=-0.550"
2026-09-08 05:52:39,motion_command,object_red_1,red,r3c1,red_sort_bin,,"pose=place_down,gripper=-0.550"
2026-09-08 05:52:41,release,object_red_1,red,r3c1,red_sort_bin,passed,"destination=(0.115, -0.15, 0.105)"
2026-09-08 05:52:41,motion_command,object_red_1,red,r3c1,red_sort_bin,,"pose=lift_clear,gripper=0.120"
2026-09-08 05:52:42,motion_command,object_red_1,red,r3c1,red_sort_bin,,"pose=lift_clear,gripper=0.120"
2026-09-08 05:52:43,object_complete,object_red_1,red,r3c1,red_sort_bin,passed,pick-place sequence complete
2026-09-08 05:52:43,motion_command,object_red_2,red,r1c1,red_sort_bin,,"pose=pick_above,gripper=0.120"
2026-09-08 05:52:44,motion_command,object_red_2,red,r1c1,red_sort_bin,,"pose=pick_down,gripper=0.120"
2026-09-08 05:52:46,motion_command,object_red_2,red,r1c1,red_sort_bin,,"pose=pick_grasp,gripper=-0.550"
2026-09-08 05:52:47,grasp_attached,object_red_2,red,r1c1,red_sort_bin,passed,selected object attached to gripper pose
2026-09-08 05:52:47,motion_command,object_red_2,red,r1c1,red_sort_bin,,"pose=lift,gripper=-0.550"
2026-09-08 05:52:48,motion_command,object_red_2,red,r1c1,red_sort_bin,,"pose=place_above,gripper=-0.550"
2026-09-08 05:52:49,motion_command,object_red_2,red,r1c1,red_sort_bin,,"pose=place_down,gripper=-0.550"
2026-09-08 05:52:51,release,object_red_2,red,r1c1,red_sort_bin,passed,"destination=(0.14, -0.12, 0.105)"
2026-09-08 05:52:51,motion_command,object_red_2,red,r1c1,red_sort_bin,,"pose=lift_clear,gripper=0.120"
2026-09-08 05:52:52,motion_command,object_red_2,red,r1c1,red_sort_bin,,"pose=lift_clear,gripper=0.120"
2026-09-08 05:52:53,object_complete,object_red_2,red,r1c1,red_sort_bin,passed,pick-place sequence complete
2026-09-08 05:52:53,motion_command,object_red_3,red,r2c2,red_sort_bin,,"pose=pick_above,gripper=0.120"
2026-09-08 05:52:55,motion_command,object_red_3,red,r2c2,red_sort_bin,,"pose=pick_down,gripper=0.120"
2026-09-08 05:52:56,motion_command,object_red_3,red,r2c2,red_sort_bin,,"pose=pick_grasp,gripper=-0.550"
2026-09-08 05:52:57,grasp_attached,object_red_3,red,r2c2,red_sort_bin,passed,selected object attached to gripper pose
2026-09-08 05:52:57,motion_command,object_red_3,red,r2c2,red_sort_bin,,"pose=lift,gripper=-0.550"
2026-09-08 05:52:58,motion_command,object_red_3,red,r2c2,red_sort_bin,,"pose=place_above,gripper=-0.550"
2026-09-08 05:53:00,motion_command,object_red_3,red,r2c2,red_sort_bin,,"pose=place_down,gripper=-0.550"
2026-09-08 05:53:01,release,object_red_3,red,r2c2,red_sort_bin,passed,"destination=(0.165, -0.09, 0.105)"
2026-09-08 05:53:01,motion_command,object_red_3,red,r2c2,red_sort_bin,,"pose=lift_clear,gripper=0.120"
2026-09-08 05:53:02,motion_command,object_red_3,red,r2c2,red_sort_bin,,"pose=lift_clear,gripper=0.120"
2026-09-08 05:53:03,object_complete,object_red_3,red,r2c2,red_sort_bin,passed,pick-place sequence complete
2026-09-08 05:53:03,task_result,,,,,passed,"{""status"":""passed"",""success_count"":6,""count"":6,""results"":[{""object_id"":""object_blue_1"",""class"":""blue"",""grid"":""r2c1"",""destination"":""blue_sort_bin"",""status"":""passed""},{""object_id"":""object_blue_2"",""class"":""blue"",""grid"":""r3c2"",""destination"":""blue_sort_bin"",""status"":""passed""},{""object_id"":""object_blue_3"",""class"":""blue"",""grid"":""r1c2"",""destination"":""blue_sort_bin"",""status"":""passed""},{""object_id"":""object_red_1"",""class"":""red"",""grid"":""r3c1"",""destination"":""red_sort_bin"",""status"":""passed""},{""object_id"":""object_red_2"",""class"":""red"",""grid"":""r1c1"",""destination"":""red_sort_bin"",""status"":""passed""},{""object_id"":""object_red_3"",""class"":""red"",""grid"":""r2c2"",""destination"":""red_sort_bin"",""status"":""passed""}]}"
2026-09-08 06:29:06,motion_command,object_blue_1,blue,r2c1,blue_sort_bin,,"pose=pick_above,gripper=0.120"
2026-09-08 06:29:07,motion_command,object_blue_1,blue,r2c1,blue_sort_bin,,"pose=pick_down,gripper=0.120"
2026-09-08 06:29:08,motion_command,object_blue_1,blue,r2c1,blue_sort_bin,,"pose=pick_grasp,gripper=-0.550"
2026-09-08 06:29:09,grasp_attached,object_blue_1,blue,r2c1,blue_sort_bin,passed,selected object attached to gripper pose
2026-09-08 06:29:09,motion_command,object_blue_1,blue,r2c1,blue_sort_bin,,"pose=lift,gripper=-0.550"
2026-09-08 06:29:11,motion_command,object_blue_1,blue,r2c1,blue_sort_bin,,"pose=place_above,gripper=-0.550"
2026-09-08 06:29:12,motion_command,object_blue_1,blue,r2c1,blue_sort_bin,,"pose=place_down,gripper=-0.550"
2026-09-08 06:29:13,release,object_blue_1,blue,r2c1,blue_sort_bin,passed,"destination=(0.235, -0.15, 0.0375)"
2026-09-08 06:29:13,motion_command,object_blue_1,blue,r2c1,blue_sort_bin,,"pose=lift_clear,gripper=0.120"
2026-09-08 06:29:14,motion_command,object_blue_1,blue,r2c1,blue_sort_bin,,"pose=lift_clear,gripper=0.120"
2026-09-08 06:29:16,object_complete,object_blue_1,blue,r2c1,blue_sort_bin,passed,pick-place sequence complete
2026-09-08 06:29:16,motion_command,object_blue_2,blue,r3c2,blue_sort_bin,,"pose=pick_above,gripper=0.120"
2026-09-08 06:29:17,motion_command,object_blue_2,blue,r3c2,blue_sort_bin,,"pose=pick_down,gripper=0.120"
2026-09-08 06:29:18,motion_command,object_blue_2,blue,r3c2,blue_sort_bin,,"pose=pick_grasp,gripper=-0.550"
2026-09-08 06:29:19,grasp_attached,object_blue_2,blue,r3c2,blue_sort_bin,passed,selected object attached to gripper pose
2026-09-08 06:29:19,motion_command,object_blue_2,blue,r3c2,blue_sort_bin,,"pose=lift,gripper=-0.550"
2026-09-08 06:29:21,motion_command,object_blue_2,blue,r3c2,blue_sort_bin,,"pose=place_above,gripper=-0.550"
2026-09-08 06:29:22,motion_command,object_blue_2,blue,r3c2,blue_sort_bin,,"pose=place_down,gripper=-0.550"
2026-09-08 06:29:23,release,object_blue_2,blue,r3c2,blue_sort_bin,passed,"destination=(0.26, -0.12, 0.0375)"
2026-09-08 06:29:23,motion_command,object_blue_2,blue,r3c2,blue_sort_bin,,"pose=lift_clear,gripper=0.120"
2026-09-08 06:29:25,motion_command,object_blue_2,blue,r3c2,blue_sort_bin,,"pose=lift_clear,gripper=0.120"
2026-09-08 06:29:26,object_complete,object_blue_2,blue,r3c2,blue_sort_bin,passed,pick-place sequence complete
2026-09-08 06:29:26,motion_command,object_blue_3,blue,r1c2,blue_sort_bin,,"pose=pick_above,gripper=0.120"
2026-09-08 06:29:27,motion_command,object_blue_3,blue,r1c2,blue_sort_bin,,"pose=pick_down,gripper=0.120"
2026-09-08 06:29:28,motion_command,object_blue_3,blue,r1c2,blue_sort_bin,,"pose=pick_grasp,gripper=-0.550"
2026-09-08 06:29:30,grasp_attached,object_blue_3,blue,r1c2,blue_sort_bin,passed,selected object attached to gripper pose
2026-09-08 06:29:30,motion_command,object_blue_3,blue,r1c2,blue_sort_bin,,"pose=lift,gripper=-0.550"
2026-09-08 06:29:31,motion_command,object_blue_3,blue,r1c2,blue_sort_bin,,"pose=place_above,gripper=-0.550"
2026-09-08 06:29:32,motion_command,object_blue_3,blue,r1c2,blue_sort_bin,,"pose=place_down,gripper=-0.550"
2026-09-08 06:29:33,release,object_blue_3,blue,r1c2,blue_sort_bin,passed,"destination=(0.285, -0.09, 0.0375)"
2026-09-08 06:29:33,motion_command,object_blue_3,blue,r1c2,blue_sort_bin,,"pose=lift_clear,gripper=0.120"
2026-09-08 06:29:35,motion_command,object_blue_3,blue,r1c2,blue_sort_bin,,"pose=lift_clear,gripper=0.120"
2026-09-08 06:29:36,object_complete,object_blue_3,blue,r1c2,blue_sort_bin,passed,pick-place sequence complete
2026-09-08 06:29:36,motion_command,object_red_1,red,r3c1,red_sort_bin,,"pose=pick_above,gripper=0.120"
2026-09-08 06:29:37,motion_command,object_red_1,red,r3c1,red_sort_bin,,"pose=pick_down,gripper=0.120"
2026-09-08 06:29:38,motion_command,object_red_1,red,r3c1,red_sort_bin,,"pose=pick_grasp,gripper=-0.550"
2026-09-08 06:29:40,grasp_attached,object_red_1,red,r3c1,red_sort_bin,passed,selected object attached to gripper pose
2026-09-08 06:29:40,motion_command,object_red_1,red,r3c1,red_sort_bin,,"pose=lift,gripper=-0.550"
2026-09-08 06:29:41,motion_command,object_red_1,red,r3c1,red_sort_bin,,"pose=place_above,gripper=-0.550"
2026-09-08 06:29:42,motion_command,object_red_1,red,r3c1,red_sort_bin,,"pose=place_down,gripper=-0.550"
2026-09-08 06:29:44,release,object_red_1,red,r3c1,red_sort_bin,passed,"destination=(0.115, -0.15, 0.0375)"
2026-09-08 06:29:44,motion_command,object_red_1,red,r3c1,red_sort_bin,,"pose=lift_clear,gripper=0.120"
2026-09-08 06:29:45,motion_command,object_red_1,red,r3c1,red_sort_bin,,"pose=lift_clear,gripper=0.120"
2026-09-08 06:29:46,object_complete,object_red_1,red,r3c1,red_sort_bin,passed,pick-place sequence complete
2026-09-08 06:29:46,motion_command,object_red_2,red,r1c1,red_sort_bin,,"pose=pick_above,gripper=0.120"
2026-09-08 06:29:47,motion_command,object_red_2,red,r1c1,red_sort_bin,,"pose=pick_down,gripper=0.120"
2026-09-08 06:29:49,motion_command,object_red_2,red,r1c1,red_sort_bin,,"pose=pick_grasp,gripper=-0.550"
